APHASIA,Language impairment after domina...
DYSMETRIA,Past pointing on finger-to-nose...
HEMIBALLISMUS,Violent flinging limb movements...
HEMIPARESIS,Weakness of one side of the body
ASTEREOGNOSIS,Inability to identify objects by...
AGRAPHIA,Loss of the ability to write
ALEXIA,Acquired inability to read
ANOSOGNOSIA,Unawareness of one's own neurolo...
ATAXIA,Uncoordinated gait / limb movements
DYSARTHRIA,Motor speech disorder w/ slurred...
DYSTONIA,Sustained / intermittent muscle...
MYOCLONUS,"Sudden, brief, shock-like muscle..."
TREMOR,Rhythmic oscillatory movement at...
NYSTAGMUS,Repetitive involuntary eye movem...
VERTIGO,Illusory sense of motion from ve...
MIGRAINE,Recurrent headache often w/ phot...
EPILEPSY,Tendency for recurrent unprovoke...
AURA,Transient focal symptoms precedi...
GERSTMANN,"Agraphia, acalculia, finger agno..."
BABINSKI,Upgoing plantar response indicat...
APHONIA,Loss of voice due to laryngeal /...
APRAXIA,Inability to perform learned mot...
AGNOSIA,Failure to recognize objects des...
PROSOPAGNOSIA,Inability to recognize familiar...
HEMINEGLECT,Failure to attend to one side of...
HEMIANOPIA,Loss of half of the visual field
QUADRANTANOPIA,Loss of a quarter of the visual...
SCOTOMA,Focal area of visual field loss
DIPLOPIA,Double vision
PTOSIS,Drooping of the upper eyelid
MIOSIS,Pupillary constriction
MYDRIASIS,Pupillary dilation
ANISOCORIA,Unequal pupil sizes
HORNERSYNDROME,"Ptosis, miosis, anhidrosis from..."
INTERNUCLEAROPHTHALMOPLEGIA,Impaired adduction w/ abducting...
ONEANDAHALFSYNDROME,Ipsilateral gaze palsy w/ contra...
PARINAUDSYNDROME,Dorsal midbrain synd. w/ upgaze...
MILLERFISHER,"Ataxia, areflexia, ophthalmopleg..."
WALLENBERG,Lateral medullary infarct synd.
WEBERSYNDROME,Midbrain stroke w/ ipsilateral C...
BENEDIKT,Midbrain tegmentum synd. w/ ocul...
BROWNSEQUARD,Hemisection of spinal cord causi...
ANTERIORCORDSYNDROME,Loss of motor & pain/temperature...
CENTRALCORDSYNDROME,Upper limb weakness greater than...
POSTERIORCORDSYNDROME,Loss of vibration & propriocepti...
CAUDAEQUINA,"Radicular pain, asymmetric weakn..."
CONUSMEDULLARIS,"Symmetric weakness, early sphinc..."
CORTICOSPINALTRACT,Descending motor pathway from co...
SPINOTHALAMICTRACT,Ascending pain & temperature pat...
DORSALCOLUMNS,Ascending vibration & propriocep...
SUBTHALAMICNUCLEUS,Lesion here causes hemiballismus
BASALGANGLIA,Deep nuclei modulating movement...
GLOBUSPALLIDUSINTERNUS,Target of deep brain stimulation...
SUBSTANTIANIGRA,Dopaminergic midbrain nucleus de...
REDNUCLEUS,Midbrain structure associated w/...
LOCUSCOERULEUS,Pontine norepinephrine nucleus l...
CEREBELLARPEDUNCLES,Fiber bundles connecting cerebel...
VERMIS,Midline cerebellar structure; le...
FLOCCULUS,Cerebellar region for vestibulo-...
PURKINJECELL,Principal inhibitory neuron of c...
OLFACTORYNERVE,Cranial nerve I for smell
OPTICNERVE,Cranial nerve II for vision
OCULOMOTORNERVE,Cranial nerve III for eye moveme...
TROCHLEARNERVE,Cranial nerve IV innervating sup...
TRIGEMINALNERVE,Cranial nerve V for facial sensa...
ABDUCENSNERVE,Cranial nerve VI innervating lat...
FACIALNERVE,Cranial nerve VII for facial exp...
VESTIBULOCOCHLEARNERVE,Cranial nerve VIII for hearing &...
GLOSSOPHARYNGEALNERVE,Cranial nerve IX for taste post....
VAGUSNERVE,Cranial nerve X for parasympathe...
ACCESSORYNERVE,Cranial nerve XI for sternocleid...
HYPOGLOSSALNERVE,Cranial nerve XII for tongue mov...
PARKINSONDISEASE,"Bradykinesia, rigidity, rest tre..."
MULTIPLESYSTEMATROPHY,Atypical parkinsonism w/ early a...
PROGRESSIVESUPRANUCLEARPALSY,Vertical gaze palsy w/ early fal...
CORTICOBASALSYNDROME,Asymmetric apraxia & cortical se...
ESSENTIALTREMOR,Action tremor improved by alcoho...
HUNTINGTONDISEASE,Autosomal dominant chorea w/ CAG...
WILSONDISEASE,Copper metabolism disorder w/ mo...
DOPARESPONSIVEDYSTONIA,Childhood-onset dystonia improve...
TOURETTESYNDROME,Motor & vocal tics before age 18
AKATHISIA,Subjective inner restlessness w/...
BRADYKINESIA,Slowness of movement; cardinal f...
RIGIDITY,Velocity-independent resistance...
CHOREA,"Random, flowing, dance-like move..."
BALLISM,"Flinging, proximal movements; se..."
TIC,"Sudden, stereotyped, suppressibl..."
SPASTICITY,Velocity-dependent increase in m...
FLACCIDPARALYSIS,Hypotonia & areflexia from lower...
FASCICULATION,Visible spontaneous muscle fiber...
MYOTONIA,Delayed relaxation after contrac...
NEUROMYOTONIA,Continuous muscle fiber activity...
MYASTHENIAGRAVIS,Fluctuating fatigable weakness;...
LAMBERTEATON,Proximal weakness improves w/ ex...
GUILLAINBARRE,Acute inflammatory demyel. polyr...
CIDP,Chronic inflammatory demyel. pol...
MMN,Multifocal motor neurop. w/ cond...
ALS,Combined upper & lower motor neu...
SMA,Genetic ant. horn cell dz; SMN1...
CARPALTUNNEL,Median neurop. at the wrist caus...
ULNARNEUROPATHY,Entrapment at elbow causing numb...
RADIALNEUROPATHY,Wrist drop after compression in...
PERONEALNEUROPATHY,Foot drop from fibular head entr...
TARSALTUNNEL,post. tibial nerve entrapment at...
MERALGIAPARESTHETICA,Lateral femoral cutaneous nerve...
SMALLFIBERNEUROPATHY,Burning pain w/ preserved streng...
DEMYELINATINGNEUROPATHY,Slowed conduction w/ prolonged d...
AXONALNEUROPATHY,Low amplitudes w/ relatively pre...
TRIGEMINALNEURALGIA,Lancinating facial pain triggere...
GLOSSOPHARYNGEALNEURALGIA,Throat/ear pain triggered by swa...
HEMIFACIALSPASM,Involuntary unilateral facial co...
BELLPALSY,Acute LMN facial palsy; idiopathic
CLUSTERHEADACHE,Severe orbital pain w/ autonomic...
PAROXYSMALHEMICRANIA,"Short unilateral headaches, indo..."
SUNCT,Short-lasting unilateral neuralg...
SUNA,Short-lasting unilateral neuralg...
HEMICRANIACONTINUA,"Continuous unilateral headache,..."
STATUSMIGRAINOSUS,Migraine lasting >72 hours
MEDICATIONOVERUSEHEADACHE,Chronic daily headache due to fr...
CEREBRALVENOUSTHROMBOSIS,Headache w/ papilledema; MRV sho...
SUBARACHNOIDHEMORRHAGE,Thunderclap headache from ruptur...
INTRACEREBRALHEMORRHAGE,Lobar / deep bleed; hypertension...
EPIDURALHEMATOMA,Lens-shaped collection after tem...
SUBDURALHEMATOMA,Crescent-shaped collection; brid...
CEREBRALAMYLOIDANGIOPATHY,Lobar bleed in elderly w/ microb...
ARTERIOVENOUSMALFORMATION,Congenital shunt causing bleed /...
CAVERNOUSMALFORMATION,Mulberry lesion w/ hemosiderin r...
ISCHEMICSTROKE,Focal deficit from arterial occl.
LACUNARINFARCT,Small deep infarct from lipohyal...
WATERSHEDINFARCT,Borderzone ischemia between arte...
HYPERDENSEMCASIGN,Noncontrast CT clue of acute thr...
DENSEBASILARSIGN,Hyperattenuated basilar a. on CT...
DOTSIGN,Thrombosed M2 branch seen as hyp...
ASPECTS,Ten-point CT score for early isc...
NIHSS,Standardized scale to quantify s...
MRS,mRS for disability after stroke
TPA,Alteplase thrombolysis for acute...
TENECTEPLASE,Fibrin-specific thrombolytic use...
THROMBECTOMY,Endovascular clot retrieval for...
PERFUSIONMISMATCH,CT/MR penumbra-core imbalance gu...
OSMOTICDEMYELINATION,Central pontine/extrapontine mye...
WERNICKEENCEPHALOPATHY,Thiamine deficiency w/ confusion...
KORSAKOFF,Amnestic synd. w/ confabulation...
MARCHIAFAVABIGNAMI,Corpus callosum demyelination in...
HEPATICENCEPHALOPATHY,Cognitive slowing from hyperammo...
HYPOXICISCHEMICINJURY,Global anoxic brain injury after...
POSTERIORREVERSIBLEENCEPHALOPATHY,"Headache, seizures, visual loss..."
REVERSIBLECEREBRALVASOCONSTRICTION,Recurrent thunderclap headaches...
MELAS,Mitochondrial encephalomyopathy...
MERRF,Myoclonic epilepsy w/ ragged red...
LHON,Leber hereditary optic neurop. c...
CANVAS,"Cerebellar ataxia, neurop., vest..."
FRAGILEXTREMORATAXIA,Late-onset tremor/ataxia from FM...
FAHRDISEASE,Basal ganglia calcifications w/...
NEUROACANTHOCYTOSIS,Chorea w/ acanthocytes on smear
CREUTZFELDTJAKOB,Rapidly progressive dementia w/...
ALZHEIMERDISEASE,Gradual amnestic dementia w/ med...
LEWYBODYDEMENTIA,"Fluctuations, visual hallucinati..."
FRONTOTEMPORALDEMENTIA,Early behavioral change / langua...
PRIMARYPROGRESSIVEAPHASIA,Gradual loss of language; nonflu...
NORMALPRESSUREHYDROCEPHALUS,"Gait, cognition, urinary inconti..."
HYDROCEPHALUS,Enlarged ventricles from CSF imb...
IDIOPATHICINTRACRANIALHYPERTENSION,Headache w/ papilledema in obese...
PAPILLEDEMA,Optic disc swelling from raised...
OPTICNEURITIS,Painful subacute monocular visua...
UHTOFF,Worsening of neurologic symptoms...
LHERMITTESIGN,Electric shock sensation w/ neck...
MULTIPLESCLEROSIS,Immune-mediated demyel. dz w/ di...
NEUROMYELITISOPTICA,AQP4-IgG astrocytopathy w/ longi...
MOGANTIBODYDISEASE,Inflammatory demyelination targe...
TRANSVERSEMYELITIS,Subacute spinal cord inflammatio...
ACUTEDISSEMINATEDENCEPHALOMYELITIS,Postinfectious demyelination in...
ADEM,Abbreviation for acute dissemina...
BICKERSTAFFENCEPHALITIS,Brainstem enceph. w/ ataxia & op...
ANTINMDARECEPTOR,Autoimmune enceph. w/ psychiatri...
LGI1ENCEPHALITIS,Faciobrachial dystonic seizures...
CASPR2ENCEPHALITIS,Autoimmune limbic enceph. w/ per...
GAD65ENCEPHALITIS,Autoimmune epilepsy; may cause l...
STIFFPERSONSYNDROME,GAD antibodies w/ axial rigidity...
OPSOCLONUSMYOCLONUS,Chaotic saccades w/ myoclonus &...
INFANTILESPASMS,West synd. w/ hypsarrhythmia on EEG
WESTSYNDROME,"Infantile spasms, hypsarrhythmia..."
LENNOXGASTAUT,Childhood epileptic enceph. w/ m...
DRAVET,Severe myoclonic epilepsy of inf...
OHTAHARA,Early infantile epileptic enceph.
LANDAUKLEFFNER,Acquired epileptic aphasia of ch...
BENIGNROLANDICEPILEPSY,Centrotemporal spikes w/ nocturn...
JUVENILEMYOCLONICEPILEPSY,Myoclonic jerks after awakening;...
ABSENCEEPILEPSY,Brief staring spells w/ 3 Hz spi...
TEMPORALLOBEEPILEPSY,Focal impaired awareness seizure...
STATUSEPILEPTICUS,Seizure lasting >5 minutes / rec...
EEG,EEG; records cortical electrical...
MEG,MEG; measures magnetic fields fr...
PET,Positron emission tomography for...
SPECT,Perfusion img used in ictal epil...
DATSCAN,Nigrostriatal dopamine transport...
LUMBARPUNCTURE,Needle CSF access at L3-4 / L4-5...
OPENINGPRESSURE,First CSF pressure measured at l...
XANTHOCHROMIA,Yellow CSF supernatant after bleed
OLIGOCLONALBANDS,CSF-restricted IgG bands suggest...
ALBUMINOCYTOLOGICDISSOCIATION,High CSF protein w/ normal cell...
FRONTALLOBE,"Executive function, motor planni..."
PARIETALLOBE,Somatosensory integration; postc...
TEMPORALLOBE,Audition & memory; hippocampus &...
OCCIPITALLOBE,Primary visual cortex region
INSULA,Hidden cortical region for inter...
HIPPOCAMPUS,Medial temporal memory structure...
AMYGDALA,Limbic nucleus for emotion & fea...
THALAMUS,Relay hub for sensory & motor in...
HYPOTHALAMUS,Autonomic & endocrine master reg...
BASALFOREBRAIN,Cholinergic nuclei important for...
PINEALGLAND,Melatonin-secreting structure ca...
PITUITARYGLAND,Endocrine master gland; macroade...
MIDBRAIN,Mesencephalon; location of red n...
PONS,Bridge containing cranial nerve...
MEDULLA,Contains vital centers for breat...
CEREBELLUM,Coordinates movement & balance
DENTATENUCLEUS,Largest deep cerebellar nucleus;...
FORAMENMAGNUM,Opening through which medulla tr...
CORPUSCALLOSUM,Major commissural fiber tract co...
INTERNALCAPSULE,post. limb carries corticospinal...
CORONARADIATA,Fan-like white matter above inte...
FORNIX,Efferent pathway from hippocampu...
MAMILLARYBODIES,Memory relay structures damaged...
CALCARINECORTEX,Primary visual cortex along calc...
BROCAAREA,Inferior frontal gyrus region fo...
WERNICKEAREA,post. superior temporal gyrus fo...
ANGULARGYRUS,Parietal region implicated in Ge...
SUPRAMARGINALGYRUS,Parietal lobe region for phonolo...
PRECENTRALGYRUS,Primary motor cortex
POSTCENTRALGYRUS,Primary somatosensory cortex
ARCUATEFASCICULUS,White matter tract linking Broca...
MEYERLOOP,Temporal optic radiations causin...
BAUMLOOP,Parietal optic radiations causin...
SUBARACHNOIDSPACE,CSF-filled compartment between a...
CHOROIDPLEXUS,CSF-producing epithelium within...
AQUEDUCTOFSYLVIUS,cereb. aqueduct connecting third...
FOURTHVENTRICLE,Ventricular cavity dorsal to pon...
LATERALVENTRICLE,C-shaped ventricular compartment...
BASALGANGLIACIRCUITS,Direct & indirect pathways modul...
NUCLEUSACCUMBENS,Ventral striatum involved in reward
PUTAMEN,Lateral basal ganglia nucleus; m...
CAUDATENUCLEUS,Head atrophy causes boxcar ventr...
GLOBUSPALLIDUSEXTERNUS,Part of indirect pathway for mov...
FLAIR,MRI sequence suppressing CSF to...
DWI,MRI sequence sensitive to restri...
ADC,Map inverse to DWI; low values i...
SWI,MRI sequence highlighting suscep...
GRE,Gradient echo sequence; sensitiv...
MRA,Noninvasive MR angiography of ve...
CTA,CT angiography visualizing arter...
CTPERFUSION,Dynamic img to estimate core & p...
VESSELWALLMRI,High-resolution img of intracran...
CAROTIDULTRASOUND,Duplex study for stenosis & plaque
TRANSCRANIALDOPPLER,Ultrasound assessing intracrania...
EEGMONTAGE,Arrangement of electrodes for sc...
MEP,Motor evoked potential assessing...
SSEP,Somatosensory evoked potential f...
SUMATRIPTAN,Serotonin 5-HT1B/1D agonist for...
RIZATRIPTAN,Fast-acting triptan for acute mi...
ZOLMITRIPTAN,Triptan available as nasal spray...
NARATRIPTAN,Longer-acting triptan used for m...
FROVATRIPTAN,Long half-life triptan helpful f...
LASMIDITAN,Selective 5-HT1F agonist for acu...
UBROGEPANT,Oral CGRP receptor antagonist fo...
RIMEGEPANT,Gepant used acutely & preventive...
ATOGEPANT,Oral CGRP antagonist for prevent...
ERENUMAB,Monoclonal antibody targeting CG...
FREMANEZUMAB,Anti-CGRP monoclonal antibody fo...
GALCANEZUMAB,Anti-CGRP monoclonal antibody fo...
EPTINEZUMAB,IV anti-CGRP monoclonal antibody...
DIHYDROERGOTAMINE,Ergot derivative for status migr...
PROPRANOLOL,Beta blocker used for migraine p...
TOPIRAMATE,Antiepileptic effective for migr...
VALPROATE,Antiepileptic used for migraine...
AMITRIPTYLINE,Tricyclic antidepressant for mig...
ONABOTULINUMTOXINA,Botox injections for chronic mig...
LEVETIRACETAM,Broad-spectrum antiseizure drug;...
BRIVARACETAM,SV2A ligand similar to levetirac...
LACOSAMIDE,Enhances slow inactivation of so...
LAMOTRIGINE,Sodium channel blocker; risk of...
CARBAMAZEPINE,Sodium channel blocker; induces...
OXCARBAZEPINE,Related to carbamazepine w/ less...
ESLICARBAZEPINE,Once-daily sodium channel blocker
ZONISAMIDE,Sulfonamide w/ carbonic anhydras...
PERAMPANEL,AMPA receptor antagonist; behavi...
PHENOBARBITAL,Barbiturate used in neonatal sei...
PHENYTOIN,Zero-order kinetics; nystagmus &...
FOSPHENYTOIN,Prodrug of phenytoin for IV loading
CLOBAZAM,Benzodiazepine used in Lennox-Ga...
CLONAZEPAM,Benzodiazepine for myoclonus & a...
DIAZEPAM,Rescue benzodiazepine for seizures
MIDAZOLAM,Intranasal / IM benzodiazepine f...
GABAPENTIN,Alpha-2-delta ligand for focal s...
PREGABALIN,Alpha-2-delta ligand for neuropa...
TIAGABINE,GABA reuptake inhibitor; risk of...
VIGABATRIN,Irreversible GABA transaminase i...
FELBAMATE,NMDA antagonist w/ aplastic anem...
RUFINAMIDE,Prolongs sodium channel inactiva...
CANNABIDIOL,Approved for Dravet & Lennox-Gas...
STIRIPENTOL,Adjunct for Dravet synd. w/ clob...
FENFLURAMINE,Serotonergic agent for Dravet synd.
CARBIDOPALEVODOPA,Dopamine precursor w/ periph. de...
PRAMIPEXOLE,Dopamine agonist; impulse contro...
ROPINIROLE,Dopamine agonist for Parkinson dz
ROTIGOTINE,Transdermal dopamine agonist patch
AMANTADINE,NMDA antagonist helpful for dysk...
SELEGILINE,MAO-B inhibitor; adjunct in earl...
RASAGILINE,MAO-B inhibitor for symptomatic...
SAFINAMIDE,Reversible MAO-B inhibitor w/ gl...
ENTACAPONE,COMT inhibitor extending levodop...
TOLCAPONE,COMT inhibitor; hepatotoxicity risk
OPICAPONE,Once-daily COMT inhibitor
INHALEDLEVODOPA,Rescue therapy for OFF episodes
DEEPBRAINSTIMULATION,Surgical therapy targeting STN /...
INTERFERONBETA,Injectable therapy for relapsing MS
GLATIRAMERACETATE,Co-polymer injection for relapsi...
DIMETHYLFUMARATE,Oral fumarate; lymphopenia risk
DIROXIMELFUMARATE,Newer fumarate w/ GI tolerability
TERIFLUNOMIDE,Oral pyrimidine synthesis inhibi...
FINGOLIMOD,S1P modulator; first-dose bradyc...
SIPONIMOD,S1P modulator approved for SPMS
OZANIMOD,S1P modulator w/ less bradycardia
NATALIZUMAB,Anti-alpha4 integrin; PML risk s...
OCRELIZUMAB,Anti-CD20 monoclonal antibody; P...
OFATUMUMAB,Self-injected anti-CD20 for RRMS
RITUXIMAB,Off-label anti-CD20 used in MS/N...
CLADRIBINE,Oral purine analog immune recons...
ALEMTUZUMAB,Anti-CD52 monoclonal; autoimmune...
ECULIZUMAB,Complement inhibitor approved fo...
INEBILIZUMAB,Anti-CD19 monoclonal for NMOSD
SATRALIZUMAB,IL-6 receptor blocker for NMOSD
IVIG,Intravenous immunoglobulin used...
PLASMAPHERESIS,Apheresis removing pathogenic an...
GLIOBLASTOMA,IDH-wildtype WHO grade 4 astrocy...
ASTROCYTOMA,Glial neoplasm from astrocytes;...
OLIGODENDROGLIOMA,"IDH mutant, 1p/19q codeleted dif..."
EPENDYMOMA,Tumor of ependymal cells lining...
MEDULLOBLASTOMA,Embryonal post. fossa tumor in c...
MENINGIOMA,Extra-axial dural-based tumor; o...
SCHWANNOMA,periph. nerve sheath tumor; Anto...
VESTIBULARSCHWANNOMA,CP angle tumor causing unilatera...
NEUROFIBROMA,periph. nerve tumor; plexiform t...
HEMANGIOBLASTOMA,Highly vascular cerebellar tumor...
CRANIOPHARYNGIOMA,Suprasellar cystic tumor; bitemp...
PINEOBLASTOMA,Malignant pineal region tumor
CHORDOMA,Midline notochordal tumor at cli...
PITUITARYADENOMA,Hormone secreting / nonfunctioni...
MENINGEALCARCINOMATOSIS,Leptomeningeal spread of systemi...
PRIMARYCNSLYMPHOMA,Enhancing periventricular lesion...
HERPESENCEPHALITIS,Temporal lobe enceph. from HSV-1
VARICELLAZOSTERVASCULOPATHY,Stroke after shingles due to ves...
PROGRESSIVEMULTIFOCALLEUKOENCEPHALOPATHY,JC virus demyelination in immuno...
NEUROCYSTICERCOSIS,Parasitic brain infection w/ rin...
TOXOPLASMOSIS,Multiple ring-enhancing lesions...
CRYPTOCOCCALMENINGITIS,CSF w/ high opening pressure & p...
TUBERCULOUSMENINGITIS,Basilar meningeal enhancement w/...
LISTERIAMENINGITIS,Gram-positive rod; consider in e...
LYMENEUROBORRELIOSIS,Facial palsy / meningitis after...
NEUROSYPHILIS,Tabes dorsalis / general paresis...
WESTNILEENCEPHALITIS,Flaccid paralysis w/ ant. horn c...
ENTEROVIRALMENINGITIS,Self-limited aseptic meningitis...
AUTOIMMUNEENCEPHALITIS,Antibody-mediated limbic dysfunc...
NARCOLEPSY,Excessive daytime sleepiness w/...
CATAPLEXY,Emotion-triggered loss of muscle...
REMBEHAVIORDISORDER,Dream enactment due to loss of a...
SLEEPAPNEA,Repetitive upper airway obstruct...
RESTLESSLEGS,Urge to move legs worse at rest...
ORTHOSTATICHYPOTENSION,Drop in blood pressure on standi...
POTS,Excessive heart rate increase on...
MULTIPLESYSTEMATROPHYCEREBELLAR,MSA-C variant w/ gait ataxia
MULTIPLESYSTEMATROPHYPARKINSONIAN,MSA-P variant w/ bradykinesia &...
GLASGOWCOMASCALE,"Eye, verbal, motor score for con..."
FOURSCORE,Alternative coma scale including...
HUNTANDHESS,Subarachnoid bleed clinical grad...
FISHERSCALE,CT blood grading for SAH vasospa...
ABCD2,TIA risk stratification score
CHA2DS2VASC,Atrial fibrillation stroke risk...
HASBLED,Bleeding risk score in anticoagu...
ROMBERG,Sway w/ eyes closed indicates pr...
HOFFMANNSIGN,Finger flexion w/ flicking nail...
KERNIGSIGN,Hamstring pain/resistance w/ kne...
BRUDZINSKISIGN,Hip/knee flexion w/ neck flexion...
HINTSEXAM,"Head impulse, nystagmus, test of..."
EPLEYMANEUVER,Canalith repositioning for post....
DIXHALLPIKE,Provocative test for post. canal...
LEFTMCASTROKE,Acute infarct in the left mid. c...
LEFTMCASYNDROME,Typical deficits of left mid. ce...
LEFTMCAOCCLUSION,Thrombotic / embolic blockage of...
LEFTACASTROKE,Acute infarct in the left ant. c...
LEFTACASYNDROME,Typical deficits of left ant. ce...
LEFTACAOCCLUSION,Thrombotic / embolic blockage of...
LEFTPCASTROKE,Acute infarct in the left post....
LEFTPCASYNDROME,Typical deficits of left post. c...
LEFTPCAOCCLUSION,Thrombotic / embolic blockage of...
LEFTBASILARSTROKE,Acute infarct in the left Basila...
LEFTBASILARSYNDROME,Typical deficits of left Basilar...
LEFTBASILAROCCLUSION,Thrombotic / embolic blockage of...
LEFTCAROTIDSTROKE,Acute infarct in the left Intern...
LEFTCAROTIDSYNDROME,Typical deficits of left Interna...
LEFTCAROTIDOCCLUSION,Thrombotic / embolic blockage of...
LEFTVERTEBRALSTROKE,Acute infarct in the left Verteb...
LEFTVERTEBRALSYNDROME,Typical deficits of left Vertebr...
LEFTVERTEBRALOCCLUSION,Thrombotic / embolic blockage of...
RIGHTMCASTROKE,Acute infarct in the right mid....
RIGHTMCASYNDROME,Typical deficits of right mid. c...
RIGHTMCAOCCLUSION,Thrombotic / embolic blockage of...
RIGHTACASTROKE,Acute infarct in the right ant....
RIGHTACASYNDROME,Typical deficits of right ant. c...
RIGHTACAOCCLUSION,Thrombotic / embolic blockage of...
RIGHTPCASTROKE,Acute infarct in the right post....
RIGHTPCASYNDROME,Typical deficits of right post....
RIGHTPCAOCCLUSION,Thrombotic / embolic blockage of...
RIGHTBASILARSTROKE,Acute infarct in the right Basil...
RIGHTBASILARSYNDROME,Typical deficits of right Basila...
RIGHTBASILAROCCLUSION,Thrombotic / embolic blockage of...
RIGHTCAROTIDSTROKE,Acute infarct in the right Inter...
RIGHTCAROTIDSYNDROME,Typical deficits of right Intern...
RIGHTCAROTIDOCCLUSION,Thrombotic / embolic blockage of...
RIGHTVERTEBRALSTROKE,Acute infarct in the right Verte...
RIGHTVERTEBRALSYNDROME,Typical deficits of right Verteb...
RIGHTVERTEBRALOCCLUSION,Thrombotic / embolic blockage of...
THORACICOUTLETSYNDROME,Compression of brachial plexus /...
LONGTHORACICNEUROPATHY,Scapular winging from serratus a...
SUPRASCAPULARNEUROPATHY,Shoulder pain w/ infraspinatus w...
AXILLARYNEUROPATHY,Deltoid weakness after shoulder...
FEMORALNEUROPATHY,Quadriceps weakness w/ reduced k...
OBTURATORNEUROPATHY,Adductor weakness & medial thigh...
SCIATICNEUROPATHY,Weakness below knee w/ sensory l...
TIBIALNEUROPATHY,Plantar flexion weakness; tarsal...
SURALNEUROPATHY,Lateral foot numbness after ankl...
LATERALANTEBRACHIALCUTANEOUSNEUROPATHY,Forearm numbness after biceps te...
BRACHIALNEURITIS,Severe shoulder pain followed by...
LUMBOSACRALPLEXOPATHY,"Pelvic tumor, diabetes, / radiat..."
DIABETICAMYOTROPHY,Painful proximal leg weakness fr...
NERVECONDUCTIONSTUDY,Assesses large myelinated fibers...
ELECTROMYOGRAPHY,Needle exam of muscle to assess...
SINGLEFIBEREMG,Highly sensitive test for neurom...
EVOKEDPOTENTIALS,Electrical responses to sensory...
AUTONOMICTESTING,"QSART, tilt table, Valsalva for..."
C9ORF72,Repeat expansion causing ALS/FTD...
SOD1,Superoxide dismutase gene mutate...
HTT,Huntingtin gene w/ CAG expansion
PMP22,Gene duplicated in CMT1A
GAA,Trinucleotide repeat causing Fri...
NOTCH3,Gene mutated in CADASIL small ve...
GFAP,Astrocytic intermediate filament...
ARSA,Deficiency in metachromatic leuk...
GALC,Deficiency in Krabbe dz
ABCD1,Adrenoleukodystrophy peroxisomal...
POLG,Mitochondrial polymerase mutatio...
TTR,Transthyretin gene in amyloid ne...
CERVICALSPONDYLOTICMYELOPATHY,Gait imbalance & hand clumsiness...
RADICULOPATHY,Dermatomal pain & weakness from...
MYELOPATHY,Spinal cord dysfunction causing...
SYRINGOMYELIA,Cavitation of spinal cord w/ cap...
TETHEREDCORD,Low conus w/ filum thickening; p...
EPIDURALABSCESS,"Fever, back pain, neurologic def..."
SPINALEPIDURALHEMATOMA,Acute cord compression after pro...
SPINALAVFISTULA,Foix-Alajouanine myelopathy w/ v...
UHTHOFFPHENOMENON,Worsening of MS symptoms w/ heat...
HERTWIGMAGENDIE,Downbeat nystagmus w/ foramen ma...
SKEWDEVIATION,Vertical ocular misalignment fro...
OCULARTILTREACTION,Head tilt w/ ocular torsion from...
GOWERSIGN,Proximal weakness sign when risi...
BABINSKISIGN,Extensor plantar response indica...
CHADDOCKSIGN,Alternative plantar reflex elici...
LEFTHEMIANOPIA,Visual field loss on the left ha...
LEFTHEMIPARESIS,Weakness of the left side of the...
LEFTNEGLECT,Inattention to the left side of...
LEFTFACIALPALSY,Lower motor neuron facial weakne...
LEFTPRONATORDRIFT,Arm pronates & drifts on the lef...
LEFTATAXIA,Limb incoordination more on the...
RIGHTHEMIANOPIA,Visual field loss on the right h...
RIGHTHEMIPARESIS,Weakness of the right side of th...
RIGHTNEGLECT,Inattention to the right side of...
RIGHTFACIALPALSY,Lower motor neuron facial weakne...
RIGHTPRONATORDRIFT,Arm pronates & drifts on the rig...
RIGHTATAXIA,Limb incoordination more on the...
CRANIALNERVE3PALSY,"Deficit w/ ptosis, 'down & out'..."
CRANIALNERVE4PALSY,Deficit w/ vertical diplopia wor...
CRANIALNERVE6PALSY,Deficit w/ horizontal diplopia f...
CRANIALNERVE7PALSY,Deficit w/ facial weakness & los...
CRANIALNERVE9PALSY,Deficit w/ loss of gag & post. t...
CRANIALNERVE10PALSY,Deficit w/ dysphonia & impaired...
CRANIALNERVE12PALSY,Deficit w/ tongue deviation towa...
DOWNBEATNYSTAGMUS,Fast phase downward; cervicomedu...
UPBEATNYSTAGMUS,Fast phase upward; medullary loc...
GAZEEVOKEDNYSTAGMUS,Increasing on eccentric gaze; ce...
OPSOCLONUS,Chaotic multidirectional saccade...
BACLOFEN,GABA-B agonist used for spasticity
TIZANIDINE,Alpha-2 agonist for spasticity
DANTROLENE,Ryanodine receptor blocker reduc...
TRIHEXYPHENIDYL,Anticholinergic for tremor in yo...
BENZTROPINE,Anticholinergic for parkinsonian...
PIMAVANSERIN,5-HT2A inverse agonist for PD ps...
RIVASTIGMINE,Cholinesterase inhibitor used in...
DONEPEZIL,Cholinesterase inhibitor for Alz...
GALANTAMINE,Cholinesterase inhibitor for Alz...
MEMANTINE,NMDA antagonist for moderate to...
BROCAAPHASIA,"Nonfluent, effortful speech w/ r..."
WERNICKEAPHASIA,Fluent but meaningless speech w/...
CONDUCTIONAPHASIA,Impaired repetition w/ relativel...
GLOBALAPHASIA,Severe impairment in expression...
TRANSCORTICALMOTORAPHASIA,Nonfluent speech w/ preserved re...
TRANSCORTICALSENSORYAPHASIA,Fluent speech w/ preserved repet...
ANOMICAPHASIA,Word-finding difficulty w/ other...
LEFTHOMONYMOUSHEMIANOPIA,Loss of left visual field in bot...
LEFTSUPERIORQUADRANTANOPIA,'Left pie in the sky' visual fie...
LEFTINFERIORQUADRANTANOPIA,'Left pie on the floor' visual f...
RIGHTHOMONYMOUSHEMIANOPIA,Loss of right visual field in bo...
RIGHTSUPERIORQUADRANTANOPIA,'Right pie in the sky' visual fi...
RIGHTINFERIORQUADRANTANOPIA,'Right pie on the floor' visual...
BITEMPORALHEMIANOPIA,Loss of temporal fields from chi...
BINASALHEMIANOPIA,"Loss of nasal fields; rare, ofte..."
ARTERYOFPERCHERONINFARCT,Bilateral paramedian thalamic in...
RECURRENTARTERYOFHEUBNER,Supplies caudate head & ant. int...
LENTICULOSTRIATEINFARCT,Deep perforator stroke affecting...
ANTERIORCHOROIDALINFARCT,"Hemiparesis, hemisensory loss, h..."
LEFTPICASTROKE,Infarct of the PICA territory on...
LEFTPICAINFARCT,Cerebellar/brainstem ischemia in...
LEFTPICASYNDROME,Characteristic deficits from PIC...
LEFTAICASTROKE,Infarct of the AICA territory on...
LEFTAICAINFARCT,Cerebellar/brainstem ischemia in...
LEFTAICASYNDROME,Characteristic deficits from AIC...
LEFTSCASTROKE,Infarct of the SCA territory on...
LEFTSCAINFARCT,Cerebellar/brainstem ischemia in...
LEFTSCASYNDROME,Characteristic deficits from SCA...
RIGHTPICASTROKE,Infarct of the PICA territory on...
RIGHTPICAINFARCT,Cerebellar/brainstem ischemia in...
RIGHTPICASYNDROME,Characteristic deficits from PIC...
RIGHTAICASTROKE,Infarct of the AICA territory on...
RIGHTAICAINFARCT,Cerebellar/brainstem ischemia in...
RIGHTAICASYNDROME,Characteristic deficits from AIC...
RIGHTSCASTROKE,Infarct of the SCA territory on...
RIGHTSCAINFARCT,Cerebellar/brainstem ischemia in...
RIGHTSCASYNDROME,Characteristic deficits from SCA...
FOVILLESYNDROME,Medial pontine lesion w/ gaze pa...
RAYMONDSYNDROME,Medial pontine infarct w/ abduce...
CLAUDESYNDROME,Midbrain tegmentum lesion w/ ocu...
DEJERINESYNDROME,Medial medullary infarct w/ cont...
LOCKEDINSYNDROME,Quadriplegia w/ preserved vertic...
LOSSOFINSULARRIBBON,Early ischemic change on noncont...
SULCALEFFACEMENT,Loss of cortical sulci from edem...
FOGGINGPHENOMENON,Subacute infarct appears isodens...
LUXURYPERFUSION,Hyperemia of infarcted tissue on...
EMPTYDELTASIGN,Filling defect in superior sagit...
HOTCROSSBUNSIGN,Pontine cruciform T2 hyperintens...
HUMMINGBIRDSIGN,Midbrain atrophy pattern in prog...
FACEOFTHEGIANTPANDA,Midbrain T2 pattern in Wilson dz
PULVINARSIGN,Thalamic hyperintensity in varia...
HYPERPERFUSIONSYNDROME,Headache & seizures after caroti...
TRAILMAKINGTEST,Timed test of visual attention &...
CLOCKDRAWINGTEST,Bedside screen for visuospatial...
BOSTONNAMINGTEST,Confrontation naming assessment
DIGITSPAN,Short-term auditory-verbal memor...
STROOPTEST,Assesses selective attention & i...
WISCONSINCARDSORTINGTEST,Measures set shifting & problem...
SYMBOLDIGITMODALITIES,Processing speed test used in MS
ANTIHU,ANNA-1 antibody causing sensory...
ANTIYO,PCA-1 antibody associated w/ par...
ANTIRI,ANNA-2 antibody w/ opsoclonus-my...
ANTIMA2,Antibody associated w/ limbic &...
ANTICRMP5,Collapsin response mediator prot...
AMPHIPHYSINANTIBODY,Paraneoplastic stiff-person synd...
IGLON5DISEASE,Sleep disorder w/ brainstem tauo...
DPPXENCEPHALITIS,Antibody-mediated hyperexcitabil...
GABABENCEPHALITIS,Limbic enceph. w/ seizures; smal...
AMPARECEPTORENCEPHALITIS,Limbic enceph. w/ memory loss &...
GFAPASTROCYTOPATHY,Autoimmune meningoencephalomyeli...
KCOMPLEX,EEG waveform seen in stage N2 sleep
SLEEPSPINDLE,12-14 Hz bursts in stage N2 sleep
REMATONIA,Paralysis of skeletal muscles du...
HYPNAGOGICHALLUCINATIONS,Perceptual experiences at sleep...
HYPNOPOMPICHALLUCINATIONS,Perceptual experiences upon awak...
CPAPTHERAPY,Positive airway pressure treatme...
TINELSIGN,Tapping over a nerve elicits par...
PHALENTEST,Wrist flexion provokes median ne...
SPURLINGMANEUVER,Cervical extension/rotation repr...
STRAIGHTLEGRAISE,Supine test stretching L5/S1 ner...
CROSSEDSTRAIGHTLEGRAISE,Contralateral pain indicates lar...
FROMENTSIGN,Thumb IP flexion indicates ulnar...
WARTENBERGSIGN,Abducted little finger from ulna...
ADSONTEST,Thoracic outlet maneuver reducin...
JAWJERK,Masseter reflex; exaggerated in...
SNOUTREFLEX,Puckering w/ tapping philtrum; f...
PALMOMENTALREFLEX,Chin muscle twitch w/ stroking t...
GRASPREFLEX,Involuntary grasping w/ palmar s...
OPPENHEIMSIGN,Toe extension w/ tibial crest st...
GORDONSIGN,Great toe extension w/ calf sque...
JENDRASSIKMANEUVER,Reinforcement technique for deep...
HOLMESTREMOR,Low-frequency rest & action trem...
ORTHOSTATICTREMOR,Fast 13-18 Hz tremor causing uns...
DYSTONICTREMOR,Irregular position-dependent tre...
CAMPTOCORMIA,Marked forward flexion of trunk...
PISASYNDROME,Lateral trunk flexion in parkins...
FREEZINGOFGAIT,Brief inability to initiate forw...
ONOFFPHENOMENON,Fluctuations between mobility &...
PEAKDOSEDYSKINESIA,Involuntary movements at levodop...
DROOLINGINPD,Sialorrhea due to reduced sponta...
AUTOMATISMS,Semi-purposeful repetitive behav...
GELASTICSEIZURES,Laughing spells from hypothalami...
DACRYSTICSEIZURES,Crying spells as ictal manifesta...
ICTALPOUTING,Chapeau de gendarme sign in fron...
POSTICTALSTATE,Transient confusion / focal defi...
TODDPARALYSIS,Transient focal weakness after a...
MESIALTEMPORALSCLEROSIS,Hippocampal atrophy & gliosis in...
HYPOTHALAMICHAMARTOMA,Lesion associated w/ gelastic se...
FOCALCORTICALDYSPLASIA,Developmental cortical malformat...
PERIVENTRICULARNODULARHETEROTOPIA,Ectopic gray matter nodules alon...
LISSENCEPHALY,Smooth brain w/ absent / reduced...
PACHYGYRIA,"Broad, reduced number of gyri"
POLYMICROGYRIA,Excess small gyri w/ abnormal co...
SCHIZENCEPHALY,Gray matter-lined clefts in cere...
SEEG,Stereoelectroencephalography for...
WADATEST,Intracarotid amobarbital procedu...
RESPONSIVENEUROSTIMULATION,Closed-loop device delivering st...
LEWYBODY,Alpha-synuclein inclusion in neu...
NEUROFIBRILLARYTANGLE,Hyperphosphorylated tau aggregat...
AMYLOIDPLAQUE,Extracellular beta-amyloid depos...
PICKBODY,Tau-positive cytoplasmic inclusi...
BUNINABODIES,Eosinophilic inclusions in motor...
NEGRIBODY,Cytoplasmic inclusion in rabies...
ROSENTHALFIBERS,Eosinophilic astrocytic inclusio...
LAFORABODY,Polyglucosan inclusion in progre...
TDP43,Proteinopathy in ALS & FTLD
HOLOPROSENCEPHALY,Failure of forebrain cleavage w/...
DANDYWALKERMALFORMATION,post. fossa cyst w/ vermian hypo...
CHIARIIMALFORMATION,Cerebellar tonsillar ectopia bel...
CHIARIIIMALFORMATION,Hindbrain herniation associated...
AGENESISOFCORPUSCALLOSUM,Absent interhemispheric commissu...
SEPTOOPTICDYSPLASIA,Optic nerve hypoplasia w/ midlin...
SPINALSHOCK,Flaccid paralysis & areflexia af...
NEUROGENICSHOCK,Hypotension & bradycardia from a...
AUTONOMICDYSREFLEXIA,Paroxysmal hypertension w/ high-...
ANTERIORSPINALARTERY,Midline vessel supplying ant. tw...
POSTERIORSPINALARTERY,Paired vessels supplying dorsal...
ARTERYOFADAMKIEWICZ,Major radicular a. feeding thora...
EWALDLAWS,Describe eye & head movement res...
OTOLITHORGANS,Utricle & saccule detect linear...
BENIGNPAROXYSMALPOSITIONALVERTIGO,Episodic vertigo triggered by he...
HORIZONTALCANALBPPV,Geotropic / apogeotropic nystagm...
HEADTHRUSTTEST,Corrective saccade for periph. v...
PSEUDOBULBARAFFECT,Involuntary laughing / crying di...
BULBARPALSY,LMN weakness of cranial nerves I...
PSEUDOBULBARPALSY,UMN dysfunction of corticobulbar...
FRONTALRELEASESIGNS,Primitive reflexes re-emerging w...
CAPGRASSYNDROME,Delusion that a familiar person...
FREGOLISYNDROME,Delusion that different people a...
HEMISOMATOGNOSIA,Lack of awareness of one side of...
SOMATOPARAPHRENIA,Belief that a limb does not belo...
LARGEVESSELOCCLUSION,Proximal arterial blockage suita...
MEDIUMVESSELOCCLUSION,Branch occl. beyond M2/A2/P2 seg...
WAKEUPSTROKE,Symptoms discovered on awakening...
HEMORRHAGICTRANSFORMATION,Bleeding into an ischemic infarct
CERVICALARTERYDISSECTION,Intimal tear in carotid / verteb...
CAROTIDWEB,Shelf-like defect in ICA bulb pr...
VASOSPASM,Delayed arterial narrowing after...
DELAYEDCEREBRALISCHEMIA,New deficits / infarct after ane...
NIMODIPINE,Dihydropyridine used to prevent...
NICARDIPINE,IV calcium-channel blocker for a...
CLEVIDIPINE,Ultra-short-acting calcium-chann...
ICHSCORE,Grading system predicting mortal...
TICISCORE,Reperfusion grading after thromb...
MTICITWOB,Successful reperfusion grade in...
ABCOVERTWOMETHOD,Ellipsoid formula to estimate he...
ROPESCORE,Risk of Paradoxical Embolism sco...
ESUS,Embolic stroke of undetermined s...
PATENTFORAMENOVALE,Interatrial communication implic...
GASSERIANGANGLION,Trigeminal ganglion in Meckel cave
GENICULATEGANGLION,Facial nerve sensory ganglion in...
CILIARYGANGLION,Parasympathetic ganglion for pup...
OTICGANGLION,Parasympathetic ganglion to paro...
PTERYGOPALATINEGANGLION,Parasympathetic ganglion to lacr...
NUCLEUSAMBIGUUS,Motor nucleus for CN IX & X cont...
NUCLEUSSOLITARIUS,Visceral sensory nucleus for tas...
EDINGERWESTPHALNUCLEUS,Parasympathetic preganglionic nu...
DORSALMOTORNUCLEUSOFVAGUS,Parasympathetic output to thorac...
FACIALCOLLICULUS,Pons floor bump from CN VII fibe...
DERMATOMET2,Upper medial arm & axilla region
DERMATOMET3,Upper chest just below clavicles
DERMATOMET4,Nipple line dermatome
DERMATOMET5,Mid-chest territory
DERMATOMET6,Xiphoid level
DERMATOMET7,Below xiphoid across the trunk
DERMATOMET8,Upper abdomen region
DERMATOMET9,Mid-abdomen region
DERMATOMET10,Umbilicus dermatome
DERMATOMET11,Lower abdomen region
DERMATOMET12,Inguinal ligament region
MYOTOMES2,Knee flexion & plantarflexion co...
MYOTOMES3,External anal sphincter function
MYOTOMES4,Pelvic floor muscles & continence
MYOTOMES5,Perianal wink reflex contribution
KCNQ2ENCEPHALOPATHY,Neonatal epileptic enceph. due t...
SCN8AEPILEPTICENCEPHALOPATHY,Sodium channel-related developme...
KCNT1EPILEPSY,Epilepsy of infancy w/ migrating...
CACNA1AEPISODICATAXIA,Channelopathy causing EA2 & hemi...
PRRT2MUTATION,Paroxysmal kinesigenic dyskinesi...
ATP1A3,Alternating hemiplegia of childh...
SLC2A1DEFICIENCY,GLUT1 deficiency causing seizure...
AMAN,Acute motor axonal neurop. varia...
AMSAN,Acute motor-sensory axonal neuro...
POEMSSYNDROME,"Polyneuropathy w/ organomegaly,..."
CANOMAD,Chronic ataxic neurop. w/ ophtha...
HSAN,Hereditary sensory & autonomic n...
KENNEDYDISEASE,X-linked spinal & bulbar muscula...
APNEATEST,Assessment of brainstem function...
OCULOCEPHALICREFLEX,Doll's eyes test for brainstem i...
OCULOVESTIBULARREFLEX,Cold caloric testing for brainst...
COUGHREFLEX,Tracheal stimulation response ab...
CORNEALREFLEX,Blink response to corneal touch
MPTPTOXICITY,Causes parkinsonism via dopamine...
MANGANESETOXICITY,Parkinsonism w/ T1 hyperintensit...
NITROUSOXIDEMYELONEUROPATHY,Subacute combined degeneration m...
LEADNEUROPATHY,Motor-predominant neurop. w/ wri...
ARSENICNEUROPATHY,Painful sensorimotor axonopathy...
ORGANOPHOSPHATEPOISONING,"Cholinergic crisis w/ miosis, br..."
CARBONMONOXIDEPOISONING,Delayed neurologic sequelae w/ g...
TIMEDUPANDGO,Functional mobility test measuri...
BERGBALANCESCALE,14-item assessment of static & d...
CONSTRAINTINDUCEDTHERAPY,Use-dependent rehabilitation aft...
FESTINATINGGAIT,"Short, accelerating steps in Par..."
WIDEBASEDGAIT,Ataxic gait w/ increased base of...
STEPPAGEGAIT,High stepping due to foot drop
MAGNETICGAIT,Difficulty initiating steps in n...
HASHIMOTOENCEPHALOPATHY,Steroid-responsive enceph. assoc...
CLIPPERS,Pontine perivascular enhancement...
ACUTEHEMORRHAGICLEUKOENCEPHALITIS,Fulminant ADEM variant w/ rapid...
GFAPANTIBODY,Astrocytic filament antibody in...
BALINTSYNDROME,"Simultanagnosia, optic ataxia, &..."
SIMULTANAGNOSIA,Inability to perceive more than...
OPTICATAXIA,Misreaching for visual targets w...
OCULARAPRAXIA,Difficulty initiating purposeful...
LINEBISECTIONNEGLECT,Deviated midpoint marking on lin...
CANCELLATIONTASKNEGLECT,Omission of targets on one side...
PLEDS,Periodic lateralized epileptifor...
GPEDS,Generalized periodic epileptifor...
BURSTSUPPRESSION,Alternating high-voltage bursts...
TRIPHASICWAVES,EEG pattern seen in metabolic en...
PHOTOPAROXYSMALRESPONSE,Spike-wave discharges triggered...
3HZSPIKEANDWAVE,Classic absence seizure EEG pattern
HYPSARRHYTHMIA,Chaotic high-amplitude pattern i...
GAMMAKNIFE,Stereotactic radiosurgery device...
CYBERKNIFE,Robotic stereotactic radiotherap...
HEMICRANIECTOMY,Decompressive removal of skull f...
CRANIOPLASTY,Repair of skull defect after cra...
INFERIORCEREBELLARPEDUNCLE,Restiform body carrying afferent...
SUPERIORCOLLICULUS,Tectal structure mediating sacca...
INFERIORCOLLICULUS,Auditory midbrain relay nucleus
MEDIALLONGITUDINALFASCICULUS,Brainstem tract coordinating eye...
PRETECTALAREA,Midbrain region mediating pupill...
ANTERIORCOMMISSURE,Fiber tract connecting temporal...
POSTERIORCOMMISSURE,Fiber tract near pineal region l...
GABAARECEPTOR,Ligand-gated chloride channel ta...
GABABRECEPTOR,Metabotropic receptor targeted b...
NMDARECEPTOR,Glutamate receptor w/ voltage-de...
AMPARECEPTOR,Ionotropic glutamate receptor me...
NICOTINICACETYLCHOLINERECEPTOR,Ligand-gated ion channel at neur...
OPHTHALMICDIVISION,V1 branch of trigeminal nerve
MAXILLARYDIVISION,V2 branch of trigeminal nerve
MANDIBULARDIVISION,V3 branch of trigeminal nerve
CHORDATYMPANI,Branch of facial nerve carrying...
GREATERPETROSALNERVE,Facial nerve branch to pterygopa...
NERVUSINTERMEDIUS,Sensory/parasympathetic componen...
LEFTGAZEDEVIATION,Eyes deviated toward the left in...
LEFTNEGLECTONEXTINCTION,Failure to detect stimuli on the...
LEFTSENSORYLEVELATT10,Pinprick diminished below umbili...
RIGHTGAZEDEVIATION,Eyes deviated toward the right i...
RIGHTNEGLECTONEXTINCTION,Failure to detect stimuli on the...
RIGHTSENSORYLEVELATT10,Pinprick diminished below umbili...
A3SEGMENT,Pericallosal segment of ant. cer...
M3SEGMENT,Opercular branches of mid. cereb...
M4SEGMENT,Cortical branches of mid. cereb. a.
P3SEGMENT,Quadrigeminal segment of post. c...
P4SEGMENT,post. cereb. a. calcarine branches
FETALORIGINPCA,post. cereb. a. arises from inte...
LEFTTHALAMICSTROKE,Infarct predominantly affecting...
LEFTCAPSULARSTROKE,Infarct predominantly affecting...
LEFTPUTAMINALSTROKE,Infarct predominantly affecting...
LEFTCAUDATESTROKE,Infarct predominantly affecting...
LEFTPONTINESTROKE,Infarct predominantly affecting...
LEFTMEDULLARYSTROKE,Infarct predominantly affecting...
LEFTOCCIPITALSTROKE,Infarct predominantly affecting...
LEFTPARIETALSTROKE,Infarct predominantly affecting...
LEFTTEMPORALSTROKE,Infarct predominantly affecting...
LEFTFRONTALSTROKE,Infarct predominantly affecting...
LEFTCEREBELLARSTROKE,Infarct predominantly affecting...
RIGHTTHALAMICSTROKE,Infarct predominantly affecting...
RIGHTCAPSULARSTROKE,Infarct predominantly affecting...
RIGHTPUTAMINALSTROKE,Infarct predominantly affecting...
RIGHTCAUDATESTROKE,Infarct predominantly affecting...
RIGHTPONTINESTROKE,Infarct predominantly affecting...
RIGHTMEDULLARYSTROKE,Infarct predominantly affecting...
RIGHTOCCIPITALSTROKE,Infarct predominantly affecting...
RIGHTPARIETALSTROKE,Infarct predominantly affecting...
RIGHTTEMPORALSTROKE,Infarct predominantly affecting...
RIGHTFRONTALSTROKE,Infarct predominantly affecting...
RIGHTCEREBELLARSTROKE,Infarct predominantly affecting...
DAWSONFINGERS,Ovoid periventricular lesions pe...
UFIBERSPARING,Subcortical myelin preservation...
BLACKHOLESINMS,T1 hypointense chronic lesions i...
OPENRINGSIGN,Incomplete ring enhancement sugg...
LEFTFRONTALLOBEINFARCT,Ischemic injury in the frontal l...
LEFTPARIETALLOBEINFARCT,Ischemic injury in the parietal...
LEFTTEMPORALLOBEINFARCT,Ischemic injury in the temporal...
LEFTOCCIPITALLOBEINFARCT,Ischemic injury in the occipital...
LEFTINSULARLOBEINFARCT,Ischemic injury in the insular l...
LEFTMCABRANCHOCCLUSION,Branch vessel blockage in the MC...
LEFTACABRANCHOCCLUSION,Branch vessel blockage in the AC...
LEFTPCABRANCHOCCLUSION,Branch vessel blockage in the PC...
RIGHTFRONTALLOBEINFARCT,Ischemic injury in the frontal l...
RIGHTPARIETALLOBEINFARCT,Ischemic injury in the parietal...
RIGHTTEMPORALLOBEINFARCT,Ischemic injury in the temporal...
RIGHTOCCIPITALLOBEINFARCT,Ischemic injury in the occipital...
RIGHTINSULARLOBEINFARCT,Ischemic injury in the insular l...
RIGHTMCABRANCHOCCLUSION,Branch vessel blockage in the MC...
RIGHTACABRANCHOCCLUSION,Branch vessel blockage in the AC...
RIGHTPCABRANCHOCCLUSION,Branch vessel blockage in the PC...
SENSORYLEVELATC2,Pinprick reduced below dermatoma...
SENSORYLEVELATC3,Pinprick reduced below dermatoma...
SENSORYLEVELATC4,Pinprick reduced below dermatoma...
SENSORYLEVELATL1,Pinprick reduced below dermatoma...
HIGHVOLUMETAPTEST,Large-volume lumbar puncture ass...
CSFFLOWVOIDSIGN,Sagittal T2 flow signal in aqued...
CALLOSALANGLE,Smaller angle on coronal MRI sup...
WERNICKETRIAD,"Confusion, ataxia, ophthalmopleg..."
HYPERAMMONEMIA,Elevated ammonia causing enceph.
UREMICENCEPHALOPATHY,Cognitive & neuromuscular dysfun...
HYPOGLYCEMICSEIZURES,Convulsions precipitated by low...
LEFTFINGERTONOSE,Dysmetria on finger-to-nose test...
LEFTHEELTOSHIN,Ataxia on ipsilateral heel-to-sh...
LEFTRAPIDALTERNATINGMOVEMENTS,Impaired diadochokinesia on fast...
LEFTDYSDIADOCHOKINESIA,Impaired rapid alternating movem...
RIGHTFINGERTONOSE,Dysmetria on finger-to-nose test...
RIGHTHEELTOSHIN,Ataxia on ipsilateral heel-to-sh...
RIGHTRAPIDALTERNATINGMOVEMENTS,Impaired diadochokinesia on fast...
RIGHTDYSDIADOCHOKINESIA,Impaired rapid alternating movem...
LEFTTEMPORALPOLEINFARCT,ischemia involving the temporal...
LEFTINSULAINFARCT,ischemia involving the insula on...
LEFTANGULARGYRUSINFARCT,ischemia involving the angular g...
LEFTPARACENTRALLOBULEINFARCT,ischemia involving the paracentr...
LEFTPRECUNEUSINFARCT,ischemia involving the precuneus...
LEFTFUSIFORMGYRUSINFARCT,ischemia involving the fusiform...
LEFTLINGUALGYRUSINFARCT,ischemia involving the lingual g...
LEFTPCOMANEURYSM,Aneurysm at the PCom on the left...
LEFTACOMANEURYSM,Aneurysm at the ACom on the left...
LEFTMCABIFURCATIONANEURYSM,Aneurysm at the MCA on the left...
RIGHTTEMPORALPOLEINFARCT,ischemia involving the temporal...
RIGHTINSULAINFARCT,ischemia involving the insula on...
RIGHTANGULARGYRUSINFARCT,ischemia involving the angular g...
RIGHTPARACENTRALLOBULEINFARCT,ischemia involving the paracentr...
RIGHTPRECUNEUSINFARCT,ischemia involving the precuneus...
RIGHTFUSIFORMGYRUSINFARCT,ischemia involving the fusiform...
RIGHTLINGUALGYRUSINFARCT,ischemia involving the lingual g...
RIGHTPCOMANEURYSM,Aneurysm at the PCom on the righ...
RIGHTACOMANEURYSM,Aneurysm at the ACom on the righ...
RIGHTMCABIFURCATIONANEURYSM,Aneurysm at the MCA on the right...
CAVERNOUSSINUSTHROMBOSIS,Septic thrombosis causing ophtha...
CEREBRALVENOUSSINUSTHROMBOSIS,Headache w/ papilledema from dur...
DURALARTERIOVENOUSFISTULA,Abnormal shunt causing pulsatile...
CAROTIDCAVERNOUSFISTULA,"Traumatic shunt w/ red eye, brui..."
PITUITARYAPOPLEXY,Acute bleed/infarct of pituitary...
TEMPORALARTERITIS,Giant cell arteritis causing hea...
PSEUDOTUMORCEREBRI,Old name for idiopathic intracra...
SPONTANEOUSINTRACRANIALHYPOTENSION,Orthostatic headache from CSF leak
EPIDURALBLOODPATCH,Treatment for CSF leak-related o...
ORTHOSTATICHEADACHE,"Headache worse upright, relieved..."
RAMSAYHUNTSYNDROME,Herpes zoster oticus w/ facial p...
VESTIBULARMIGRAINE,Recurrent vertigo episodes assoc...
PERSISTENTPOSTURALPERCEPTUALDIZZINESS,Chronic subjective dizziness wor...
MALDEDEBARQUEMENT,Persistent rocking sensation aft...
OSCILLOPSIA,Illusion of visual world bouncin...
PERIODICALTERNATINGNYSTAGMUS,Horizontal nystagmus reversing d...
OCULOGYRICCRISIS,Upward tonic eye deviation from...
BLEPHAROSPASM,Involuntary eyelid closure dystonia
MEIGESYNDROME,Cranial dystonia w/ blepharospas...
LARYNGEALDYSTONIA,Task-specific dysphonia from foc...
CERVICALDYSTONIA,Torticollis from involuntary nec...
WRITERSCRAMP,Task-specific hand dystonia duri...
TASKSPECIFICDYSTONIA,Abnormal muscle activation limit...
FUNCTIONALNEUROLOGICALDISORDER,Positive-sign based diagnosis of...
HOOVERSIGN,Inconsistent hip extension effor...
RADIALTUNNELSYNDROME,Pain & weakness from post. inter...
ANTERIORINTEROSSEOUSNEUROPATHY,Weak pinch w/ intact sensation;...
POSTERIORINTEROSSEOUSNEUROPATHY,Finger & wrist extension weaknes...
PRONATORTERESSYNDROME,Median nerve entrapment in proxi...
ERBPALSY,Upper trunk brachial plexus pals...
KLUMPKEPALSY,Lower trunk plexus injury w/ han...
ADIETONICPUPIL,Dilated pupil w/ poor light resp...
ARGYLLROBERTSONPUPIL,Small pupils that accommodate bu...
MARCUSGUNNPUPIL,Relative afferent pupillary defe...
LIGHTNEARDISSOCIATION,Better constriction to near than...
MUSKANTIBODY,Muscle-specific kinase antibody...
LRP4ANTIBODY,Low-density lipoprotein receptor...
THYMOMA,ant. mediastinal tumor associate...
SINGLEFIBERJITTER,Increased variability on EMG in...
REDUCEDRECRUITMENT,"EMG pattern w/ fewer, larger mot..."
SMALLFIBERSKINBIOPSY,Intraepidermal nerve fiber densi...
NERVEULTRASOUND,High-resolution img for entrapme...
TILTTABLETEST,Autonomic evaluation provoking o...
VALSALVAMANEUVER,Autonomic testing component asse...
LEIGHSYNDROME,Subacute necrotizing encephalomy...
ALPERSSYNDROME,POLG-related epileptic enceph. w...
ADRENOMYELONEUROPATHY,Adult-onset X-linked adrenoleuko...
KRABBEDISEASE,Galactocerebrosidase deficiency...
METACHROMATICLEUKODYSTROPHY,Arylsulfatase A deficiency causi...
ALEXANDERDISEASE,GFAP mutation leukodystrophy w/...
CANAVANDISEASE,Aspartoacylase deficiency w/ spo...
PELIZAEUSMERZBACHER,PLP1-related hypomyelinating leu...
VANISHINGWHITEMATTERDISEASE,eIF2B-related childhood ataxia &...
RETTSYNDROME,MECP2-related neurodevelopmental...
ANGELMANSYNDROME,"UBE3A disorder w/ ataxia, seizur..."
NIEMANNPICKTYPEC,Cholesterol trafficking disorder...
TAYSACHSDISEASE,Hexosaminidase A deficiency w/ c...
SUBACUTECOMBINEDDEGENERATION,B12 deficiency causing dorsal co...
CORTICOBASALDEGENERATION,Asymmetric parkinsonism w/ aprax...
PARKINSONISMHYPERPYREXIA,Life-threatening akinesia & hype...
NEUROLEPTICMALIGNANTSYNDROME,"Rigidity, hyperthermia, & autono..."
SEROTONINSYNDROME,"Hyperreflexia, clonus, & agitati..."
DYSTONICSTORM,Severe generalized dystonia w/ a...
SUPERREFRACTORYSTATUSEPILEPTICUS,Seizures persist beyond 24 hours...
NORSE,New-onset refractory status epil...
FIRES,Febrile infection-related epilep...
ACUTEFLACCIDMYELITIS,Poliomyelitis-like illness w/ an...
IGG4PACHYMENINGITIS,Hypertrophic dura from IgG4-rela...
CSFLEAK,Spinal / cranial breach causing...
KAYSERFLEISCHERRING,Corneal copper deposition in Wil...
POSTERIORCOMMUNICATINGARTERY,Connecting vessel between ICA & PCA
ANTERIORCOMMUNICATINGARTERY,Vessel connecting the two ACAs
SUPERIORSAGITTALSINUS,Major dural venous sinus along t...
TRANSVERSESINUS,Paired dural venous sinus draini...
SIGMOIDSINUS,Dural venous sinus continuing to...
CAVERNOUSSINUS,Venous plexus around sella w/ cr...
CAROTIDSIPHON,Curved intracranial segment of i...
DEEPCEREBRALVENOUSSYSTEM,"Internal cereb. veins, v. of Gal..."
VEINOFGALENMALFORMATION,High-flow neonatal AV shunt caus...
PITUITARYMACROADENOMA,Large sellar tumor compressing o...
OPTICCHIASMCOMPRESSION,Bitemporal field loss from sella...
CEREBELLARTONSILLARECTOPIA,Inferior displacement of tonsils...
MIDLINESHIFT,Displacement of septum pellucidu...
DIFFUSEAXONALINJURY,Traumatic shearing injury w/ mic...
RANCHOLOSAMIGOSSCALE,Ten-level cognitive scale for TB...
POSTTRAUMATICAMNESIA,Interval of memory loss after he...
ANTERIORINTEROSSEOUSSYNDROME,Pure motor median branch palsy w...
CARPALCOMPRESSIONTEST,Manual pressure over carpal tunn...
GUYONCANALSYNDROME,Ulnar nerve compression at wrist...
CUBITALTUNNELSYNDROME,Ulnar entrapment at the elbow
RADIALHEADSUBLUXATION,Nursemaid elbow affecting annula...
NECKTONGUESYNDROME,Transient C2 neuralgia w/ tongue...
BRACHIORADIALISREFLEX,C6-mediated forearm reflex at ra...
PATELLARREFLEX,L3-L4 mediated knee jerk
ACHILLESREFLEX,S1-S2 mediated ankle jerk
JAWWOBBLETREMOR,Essential tremor manifestation o...
CEREBELLARREBOUND,Failure to check movement after...
ASTASIA,Inability to maintain upright po...
ABASIA,Inability to walk despite preser...
THALAMICPAINSYNDROME,Central post-stroke pain after t...
ALIENHANDSYNDROME,Complex involuntary movements w/...
CENTRALCORDHYPEREXTENSION,Disproportionate arm weakness af...
BROWNOUTAMAUROSIS,Transient monocular vision loss...
AMAUROSISFUGAX,Transient monocular blindness us...
ANTERIORISCHEMICOPTICNEUROPATHY,Pale swollen disc w/ sudden visi...
PAPILLITIS,Optic neuritis w/ disc swelling
CENTRALRETINALARTERYOCCLUSION,Painless monocular vision loss w...
CENTRALRETINALVEINOCCLUSION,Painless vision loss w/ 'blood &...
MYERSONSIGN,Persistent glabellar tap blink i...
HINTSPLUS,HINTS exam w/ new hearing loss t...
DUKECRITERIAENDOCARDITIS,Neurologic embolic strokes part...
HEIMANNBIELSCHOWSKYPHENOMENON,Head tilt in superior oblique pa...
SKULLBASEOSTEOMYELITIS,Malignant otitis externa causing...
LENNOXGASTAUTDROPATTACKS,Atonic seizures causing sudden f...
JUVENILEABSENCEEPILEPSY,Adolescent onset absence w/ gene...
PHOTOSENSITIVEEPILEPSY,Seizures triggered by flashing l...
STARTLEEPILEPSY,Reflex seizures precipitated by...
MUSICOGENICEPILEPSY,Reflex seizures triggered by spe...
REFLEXSYNCOPE,Vasovagal faint w/ prodrome & ra...
ORTHOSTATICSYNCOPE,Loss of consciousness from stand...
CAROTIDSINUSHYPERSENSITIVITY,Syncope triggered by neck pressu...
POSTURALORTHOSTATICTACHYCARDIA,Excessive heart rate rise on sta...
NEUROCARDIOGENICSYNCOPE,Common faint due to autonomic re...
PARANEOPLASTICCEREBELLARDEGENERATION,Subacute ataxia due to antibodie...
OPSOCLONUSMYOCLONUSATAXIA,Paraneoplastic / post-infectious...
EPISODICATAXIA,Brief spells of ataxia often due...
HEMIPLEGICMIGRAINE,Migraine w/ transient unilateral...
SPORADICHEMIPLEGICMIGRAINE,Hemiplegic migraine w/o known fa...
FAMILIALHEMIPLEGICMIGRAINE,CACNA1A-linked migraine w/ motor...
CEREBELLARCOGNITIVEAFFECTIVE,"synd. w/ executive, visuospatial..."
ALIENLIMBPHENOMENON,Loss of sense of ownership causi...
LEFTPICAANEURYSM,Saccular dilation of the PICA on...
LEFTPICATHROMBOSIS,Occlusive clot in the PICA on th...
LEFTPICADISSECTION,Intimal tear of the PICA on the...
LEFTAICAANEURYSM,Saccular dilation of the AICA on...
LEFTAICATHROMBOSIS,Occlusive clot in the AICA on th...
