APHASIA,Language impairment after dominant…
DYSMETRIA,Past pointing on finger-to-nose te…
HEMIBALLISMUS,Violent flinging limb movements du…
HEMIPARESIS,Weakness of one side of the body
ASTEREOGNOSIS,Inability to identify objects by t…
AGRAPHIA,Loss of the ability to write
ALEXIA,Acquired inability to read
ANOSOGNOSIA,Unawareness of one's own neurologi…
ATAXIA,Uncoordinated gait / limb movements
DYSARTHRIA,Motor speech disorder w/ slurred /…
DYSTONIA,Sustained / intermittent muscle co…
MYOCLONUS,"Sudden, brief, shock-like muscle j…"
TREMOR,Rhythmic oscillatory movement at r…
NYSTAGMUS,Repetitive involuntary eye movemen…
VERTIGO,Illusory sense of motion from vest…
MIGRAINE,Recurrent headache often w/ photop…
EPILEPSY,Tendency for recurrent unprovoked …
AURA,Transient focal symptoms preceding…
GERSTMANN,"Agraphia, acalculia, finger agnosi…"
BABINSKI,Upgoing plantar response indicatin…
APHONIA,Loss of voice due to laryngeal / c…
APRAXIA,Inability to perform learned motor…
AGNOSIA,Failure to recognize objects despi…
PROSOPAGNOSIA,Inability to recognize familiar fa…
HEMINEGLECT,Failure to attend to one side of s…
HEMIANOPIA,Loss of half of the visual field
QUADRANTANOPIA,Loss of a quarter of the visual fi…
SCOTOMA,Focal area of visual field loss
DIPLOPIA,Double vision
PTOSIS,Drooping of the upper eyelid
MIOSIS,Pupillary constriction
MYDRIASIS,Pupillary dilation
ANISOCORIA,Unequal pupil sizes
HORNERSYNDROME,"Ptosis, miosis, anhidrosis from sy…"
INTERNUCLEAROPHTHALMOPLEGIA,Impaired adduction w/ abducting ny…
ONEANDAHALFSYNDROME,Ipsilateral gaze palsy w/ contrala…
PARINAUDSYNDROME,Dorsal midbrain synd. w/ upgaze pa…
MILLERFISHER,"Ataxia, areflexia, ophthalmoplegia…"
WALLENBERG,Lateral medullary infarct synd.
WEBERSYNDROME,Midbrain stroke w/ ipsilateral CN …
BENEDIKT,Midbrain tegmentum synd. w/ oculom…
BROWNSEQUARD,Hemisection of spinal cord causing…
ANTERIORCORDSYNDROME,Loss of motor & pain/temperature w…
CENTRALCORDSYNDROME,Upper limb weakness greater than l…
POSTERIORCORDSYNDROME,Loss of vibration & proprioception…
CAUDAEQUINA,"Radicular pain, asymmetric weaknes…"
CONUSMEDULLARIS,"Symmetric weakness, early sphincte…"
CORTICOSPINALTRACT,Descending motor pathway from cort…
SPINOTHALAMICTRACT,Ascending pain & temperature pathw…
DORSALCOLUMNS,Ascending vibration & propriocepti…
SUBTHALAMICNUCLEUS,Lesion here causes hemiballismus
BASALGANGLIA,Deep nuclei modulating movement in…
GLOBUSPALLIDUSINTERNUS,Target of deep brain stimulation f…
SUBSTANTIANIGRA,Dopaminergic midbrain nucleus dege…
REDNUCLEUS,Midbrain structure associated w/ r…
LOCUSCOERULEUS,Pontine norepinephrine nucleus lin…
CEREBELLARPEDUNCLES,Fiber bundles connecting cerebellu…
VERMIS,Midline cerebellar structure; lesi…
FLOCCULUS,Cerebellar region for vestibulo-oc…
PURKINJECELL,Principal inhibitory neuron of cer…
OLFACTORYNERVE,Cranial nerve I for smell
OPTICNERVE,Cranial nerve II for vision
OCULOMOTORNERVE,Cranial nerve III for eye movement…
TROCHLEARNERVE,Cranial nerve IV innervating super…
TRIGEMINALNERVE,Cranial nerve V for facial sensati…
ABDUCENSNERVE,Cranial nerve VI innervating later…
FACIALNERVE,Cranial nerve VII for facial expre…
VESTIBULOCOCHLEARNERVE,Cranial nerve VIII for hearing & b…
GLOSSOPHARYNGEALNERVE,Cranial nerve IX for taste post. t…
VAGUSNERVE,Cranial nerve X for parasympatheti…
ACCESSORYNERVE,Cranial nerve XI for sternocleidom…
HYPOGLOSSALNERVE,Cranial nerve XII for tongue movem…
PARKINSONDISEASE,"Bradykinesia, rigidity, rest tremo…"
MULTIPLESYSTEMATROPHY,Atypical parkinsonism w/ early aut…
PROGRESSIVESUPRANUCLEARPALSY,Vertical gaze palsy w/ early falls…
CORTICOBASALSYNDROME,Asymmetric apraxia & cortical sens…
ESSENTIALTREMOR,Action tremor improved by alcohol;…
HUNTINGTONDISEASE,Autosomal dominant chorea w/ CAG e…
WILSONDISEASE,Copper metabolism disorder w/ move…
DOPARESPONSIVEDYSTONIA,Childhood-onset dystonia improved …
TOURETTESYNDROME,Motor & vocal tics before age 18
AKATHISIA,Subjective inner restlessness w/ n…
BRADYKINESIA,Slowness of movement; cardinal fea…
RIGIDITY,Velocity-independent resistance to…
CHOREA,"Random, flowing, dance-like moveme…"
BALLISM,"Flinging, proximal movements; seve…"
TIC,"Sudden, stereotyped, suppressible …"
SPASTICITY,Velocity-dependent increase in mus…
FLACCIDPARALYSIS,Hypotonia & areflexia from lower m…
FASCICULATION,Visible spontaneous muscle fiber t…
MYOTONIA,Delayed relaxation after contracti…
NEUROMYOTONIA,Continuous muscle fiber activity; …
MYASTHENIAGRAVIS,Fluctuating fatigable weakness; AC…
LAMBERTEATON,Proximal weakness improves w/ exer…
GUILLAINBARRE,Acute inflammatory demyel. polyrad…
CIDP,Chronic inflammatory demyel. polyn…
MMN,Multifocal motor neurop. w/ conduc…
ALS,Combined upper & lower motor neuro…
SMA,Genetic ant. horn cell dz; SMN1 de…
CARPALTUNNEL,Median neurop. at the wrist causin…
ULNARNEUROPATHY,Entrapment at elbow causing numb 4…
RADIALNEUROPATHY,Wrist drop after compression in sp…
PERONEALNEUROPATHY,Foot drop from fibular head entrap…
TARSALTUNNEL,post. tibial nerve entrapment at t…
MERALGIAPARESTHETICA,Lateral femoral cutaneous nerve en…
SMALLFIBERNEUROPATHY,Burning pain w/ preserved strength…
DEMYELINATINGNEUROPATHY,Slowed conduction w/ prolonged dis…
AXONALNEUROPATHY,Low amplitudes w/ relatively prese…
TRIGEMINALNEURALGIA,Lancinating facial pain triggered …
GLOSSOPHARYNGEALNEURALGIA,Throat/ear pain triggered by swall…
HEMIFACIALSPASM,Involuntary unilateral facial cont…
BELLPALSY,Acute LMN facial palsy; idiopathic
CLUSTERHEADACHE,Severe orbital pain w/ autonomic f…
PAROXYSMALHEMICRANIA,"Short unilateral headaches, indome…"
SUNCT,Short-lasting unilateral neuralgif…
SUNA,Short-lasting unilateral neuralgif…
HEMICRANIACONTINUA,"Continuous unilateral headache, in…"
STATUSMIGRAINOSUS,Migraine lasting >72 hours
MEDICATIONOVERUSEHEADACHE,Chronic daily headache due to freq…
CEREBRALVENOUSTHROMBOSIS,Headache w/ papilledema; MRV shows…
SUBARACHNOIDHEMORRHAGE,Thunderclap headache from ruptured…
INTRACEREBRALHEMORRHAGE,Lobar / deep bleed; hypertension c…
EPIDURALHEMATOMA,Lens-shaped collection after tempo…
SUBDURALHEMATOMA,Crescent-shaped collection; bridgi…
CEREBRALAMYLOIDANGIOPATHY,Lobar bleed in elderly w/ microble…
ARTERIOVENOUSMALFORMATION,Congenital shunt causing bleed / s…
CAVERNOUSMALFORMATION,Mulberry lesion w/ hemosiderin rim…
ISCHEMICSTROKE,Focal deficit from arterial occl.
LACUNARINFARCT,Small deep infarct from lipohyalin…
WATERSHEDINFARCT,Borderzone ischemia between arteri…
HYPERDENSEMCASIGN,Noncontrast CT clue of acute throm…
DENSEBASILARSIGN,Hyperattenuated basilar a. on CT i…
DOTSIGN,Thrombosed M2 branch seen as hyper…
ASPECTS,Ten-point CT score for early ische…
NIHSS,Standardized scale to quantify str…
MRS,mRS for disability after stroke
TPA,Alteplase thrombolysis for acute i…
TENECTEPLASE,Fibrin-specific thrombolytic used …
THROMBECTOMY,Endovascular clot retrieval for la…
PERFUSIONMISMATCH,CT/MR penumbra-core imbalance guid…
OSMOTICDEMYELINATION,Central pontine/extrapontine myeli…
WERNICKEENCEPHALOPATHY,"Thiamine deficiency w/ confusion, …"
KORSAKOFF,Amnestic synd. w/ confabulation af…
MARCHIAFAVABIGNAMI,Corpus callosum demyelination in a…
HEPATICENCEPHALOPATHY,Cognitive slowing from hyperammone…
HYPOXICISCHEMICINJURY,Global anoxic brain injury after c…
POSTERIORREVERSIBLEENCEPHALOPATHY,"Headache, seizures, visual loss w/…"
REVERSIBLECEREBRALVASOCONSTRICTION,Recurrent thunderclap headaches w/…
MELAS,Mitochondrial encephalomyopathy w/…
MERRF,Myoclonic epilepsy w/ ragged red f…
LHON,Leber hereditary optic neurop. cau…
CANVAS,"Cerebellar ataxia, neurop., vestib…"
FRAGILEXTREMORATAXIA,Late-onset tremor/ataxia from FMR1…
FAHRDISEASE,Basal ganglia calcifications w/ mo…
NEUROACANTHOCYTOSIS,Chorea w/ acanthocytes on smear
CREUTZFELDTJAKOB,Rapidly progressive dementia w/ my…
ALZHEIMERDISEASE,Gradual amnestic dementia w/ media…
LEWYBODYDEMENTIA,"Fluctuations, visual hallucination…"
FRONTOTEMPORALDEMENTIA,Early behavioral change / language…
PRIMARYPROGRESSIVEAPHASIA,Gradual loss of language; nonfluen…
NORMALPRESSUREHYDROCEPHALUS,"Gait, cognition, urinary incontine…"
HYDROCEPHALUS,Enlarged ventricles from CSF imbal…
IDIOPATHICINTRACRANIALHYPERTENSION,Headache w/ papilledema in obese w…
PAPILLEDEMA,Optic disc swelling from raised in…
OPTICNEURITIS,Painful subacute monocular visual …
UHTOFF,Worsening of neurologic symptoms w…
LHERMITTESIGN,Electric shock sensation w/ neck f…
MULTIPLESCLEROSIS,Immune-mediated demyel. dz w/ diss…
NEUROMYELITISOPTICA,AQP4-IgG astrocytopathy w/ longitu…
MOGANTIBODYDISEASE,Inflammatory demyelination targeti…
TRANSVERSEMYELITIS,Subacute spinal cord inflammation …
ACUTEDISSEMINATEDENCEPHALOMYELITIS,Postinfectious demyelination in ch…
ADEM,Abbreviation for acute disseminate…
BICKERSTAFFENCEPHALITIS,Brainstem enceph. w/ ataxia & opht…
ANTINMDARECEPTOR,Autoimmune enceph. w/ psychiatric …
LGI1ENCEPHALITIS,Faciobrachial dystonic seizures w/…
CASPR2ENCEPHALITIS,Autoimmune limbic enceph. w/ perip…
GAD65ENCEPHALITIS,Autoimmune epilepsy; may cause lim…
STIFFPERSONSYNDROME,GAD antibodies w/ axial rigidity &…
OPSOCLONUSMYOCLONUS,Chaotic saccades w/ myoclonus & at…
INFANTILESPASMS,West synd. w/ hypsarrhythmia on EEG
WESTSYNDROME,"Infantile spasms, hypsarrhythmia, …"
LENNOXGASTAUT,Childhood epileptic enceph. w/ mul…
DRAVET,Severe myoclonic epilepsy of infan…
OHTAHARA,Early infantile epileptic enceph.
LANDAUKLEFFNER,Acquired epileptic aphasia of chil…
BENIGNROLANDICEPILEPSY,Centrotemporal spikes w/ nocturnal…
JUVENILEMYOCLONICEPILEPSY,Myoclonic jerks after awakening; g…
ABSENCEEPILEPSY,Brief staring spells w/ 3 Hz spike…
TEMPORALLOBEEPILEPSY,Focal impaired awareness seizures …
STATUSEPILEPTICUS,Seizure lasting >5 minutes / recur…
EEG,EEG; records cortical electrical a…
MEG,MEG; measures magnetic fields from…
PET,Positron emission tomography for m…
SPECT,Perfusion img used in ictal epilep…
DATSCAN,Nigrostriatal dopamine transporter…
LUMBARPUNCTURE,Needle CSF access at L3-4 / L4-5 i…
OPENINGPRESSURE,First CSF pressure measured at lum…
XANTHOCHROMIA,Yellow CSF supernatant after bleed
OLIGOCLONALBANDS,CSF-restricted IgG bands suggestiv…
ALBUMINOCYTOLOGICDISSOCIATION,High CSF protein w/ normal cell co…
FRONTALLOBE,"Executive function, motor planning…"
PARIETALLOBE,Somatosensory integration; postcen…
TEMPORALLOBE,Audition & memory; hippocampus & a…
OCCIPITALLOBE,Primary visual cortex region
INSULA,Hidden cortical region for interoc…
HIPPOCAMPUS,Medial temporal memory structure; …
AMYGDALA,Limbic nucleus for emotion & fear …
THALAMUS,Relay hub for sensory & motor info…
HYPOTHALAMUS,Autonomic & endocrine master regul…
BASALFOREBRAIN,Cholinergic nuclei important for a…
PINEALGLAND,Melatonin-secreting structure caus…
PITUITARYGLAND,Endocrine master gland; macroadeno…
MIDBRAIN,Mesencephalon; location of red nuc…
PONS,Bridge containing cranial nerve nu…
MEDULLA,Contains vital centers for breathi…
CEREBELLUM,Coordinates movement & balance
DENTATENUCLEUS,Largest deep cerebellar nucleus; o…
FORAMENMAGNUM,Opening through which medulla tran…
CORPUSCALLOSUM,Major commissural fiber tract conn…
INTERNALCAPSULE,post. limb carries corticospinal t…
CORONARADIATA,Fan-like white matter above intern…
FORNIX,Efferent pathway from hippocampus …
MAMILLARYBODIES,Memory relay structures damaged in…
CALCARINECORTEX,Primary visual cortex along calcar…
BROCAAREA,Inferior frontal gyrus region for …
WERNICKEAREA,post. superior temporal gyrus for …
ANGULARGYRUS,Parietal region implicated in Gers…
SUPRAMARGINALGYRUS,Parietal lobe region for phonologi…
PRECENTRALGYRUS,Primary motor cortex
POSTCENTRALGYRUS,Primary somatosensory cortex
ARCUATEFASCICULUS,White matter tract linking Broca &…
MEYERLOOP,Temporal optic radiations causing …
BAUMLOOP,Parietal optic radiations causing …
SUBARACHNOIDSPACE,CSF-filled compartment between ara…
CHOROIDPLEXUS,CSF-producing epithelium within ve…
AQUEDUCTOFSYLVIUS,cereb. aqueduct connecting third &…
FOURTHVENTRICLE,Ventricular cavity dorsal to pons …
LATERALVENTRICLE,C-shaped ventricular compartments …
BASALGANGLIACIRCUITS,Direct & indirect pathways modulat…
NUCLEUSACCUMBENS,Ventral striatum involved in reward
PUTAMEN,Lateral basal ganglia nucleus; mot…
CAUDATENUCLEUS,Head atrophy causes boxcar ventric…
GLOBUSPALLIDUSEXTERNUS,Part of indirect pathway for movem…
FLAIR,MRI sequence suppressing CSF to hi…
DWI,MRI sequence sensitive to restrict…
ADC,Map inverse to DWI; low values in …
SWI,MRI sequence highlighting suscepti…
GRE,Gradient echo sequence; sensitive …
MRA,Noninvasive MR angiography of vess…
CTA,CT angiography visualizing arteria…
CTPERFUSION,Dynamic img to estimate core & pen…
VESSELWALLMRI,High-resolution img of intracrania…
CAROTIDULTRASOUND,Duplex study for stenosis & plaque
TRANSCRANIALDOPPLER,Ultrasound assessing intracranial …
EEGMONTAGE,Arrangement of electrodes for scal…
MEP,Motor evoked potential assessing c…
SSEP,Somatosensory evoked potential for…
SUMATRIPTAN,Serotonin 5-HT1B/1D agonist for ac…
RIZATRIPTAN,Fast-acting triptan for acute migr…
ZOLMITRIPTAN,Triptan available as nasal spray f…
NARATRIPTAN,Longer-acting triptan used for men…
FROVATRIPTAN,Long half-life triptan helpful for…
LASMIDITAN,Selective 5-HT1F agonist for acute…
UBROGEPANT,Oral CGRP receptor antagonist for …
RIMEGEPANT,Gepant used acutely & preventively…
ATOGEPANT,Oral CGRP antagonist for preventiv…
ERENUMAB,Monoclonal antibody targeting CGRP…
FREMANEZUMAB,Anti-CGRP monoclonal antibody for …
GALCANEZUMAB,Anti-CGRP monoclonal antibody for …
EPTINEZUMAB,IV anti-CGRP monoclonal antibody f…
DIHYDROERGOTAMINE,Ergot derivative for status migrai…
PROPRANOLOL,Beta blocker used for migraine pre…
TOPIRAMATE,Antiepileptic effective for migrai…
VALPROATE,Antiepileptic used for migraine pr…
AMITRIPTYLINE,Tricyclic antidepressant for migra…
ONABOTULINUMTOXINA,Botox injections for chronic migra…
LEVETIRACETAM,Broad-spectrum antiseizure drug; i…
BRIVARACETAM,SV2A ligand similar to levetiracet…
LACOSAMIDE,Enhances slow inactivation of sodi…
LAMOTRIGINE,Sodium channel blocker; risk of ra…
CARBAMAZEPINE,Sodium channel blocker; induces hy…
OXCARBAZEPINE,Related to carbamazepine w/ less e…
ESLICARBAZEPINE,Once-daily sodium channel blocker
ZONISAMIDE,Sulfonamide w/ carbonic anhydrase …
PERAMPANEL,AMPA receptor antagonist; behavior…
PHENOBARBITAL,Barbiturate used in neonatal seizu…
PHENYTOIN,Zero-order kinetics; nystagmus & a…
FOSPHENYTOIN,Prodrug of phenytoin for IV loading
CLOBAZAM,Benzodiazepine used in Lennox-Gast…
CLONAZEPAM,Benzodiazepine for myoclonus & abs…
DIAZEPAM,Rescue benzodiazepine for seizures
MIDAZOLAM,Intranasal / IM benzodiazepine for…
GABAPENTIN,Alpha-2-delta ligand for focal sei…
PREGABALIN,Alpha-2-delta ligand for neuropath…
TIAGABINE,GABA reuptake inhibitor; risk of n…
VIGABATRIN,Irreversible GABA transaminase inh…
FELBAMATE,NMDA antagonist w/ aplastic anemia…
RUFINAMIDE,Prolongs sodium channel inactivati…
CANNABIDIOL,Approved for Dravet & Lennox-Gasta…
STIRIPENTOL,Adjunct for Dravet synd. w/ clobaz…
FENFLURAMINE,Serotonergic agent for Dravet synd.
CARBIDOPALEVODOPA,Dopamine precursor w/ periph. deca…
PRAMIPEXOLE,Dopamine agonist; impulse control …
ROPINIROLE,Dopamine agonist for Parkinson dz
ROTIGOTINE,Transdermal dopamine agonist patch
AMANTADINE,NMDA antagonist helpful for dyskin…
SELEGILINE,MAO-B inhibitor; adjunct in early …
RASAGILINE,MAO-B inhibitor for symptomatic be…
SAFINAMIDE,Reversible MAO-B inhibitor w/ glut…
ENTACAPONE,COMT inhibitor extending levodopa …
TOLCAPONE,COMT inhibitor; hepatotoxicity risk
OPICAPONE,Once-daily COMT inhibitor
INHALEDLEVODOPA,Rescue therapy for OFF episodes
DEEPBRAINSTIMULATION,Surgical therapy targeting STN / G…
INTERFERONBETA,Injectable therapy for relapsing MS
GLATIRAMERACETATE,Co-polymer injection for relapsing…
DIMETHYLFUMARATE,Oral fumarate; lymphopenia risk
DIROXIMELFUMARATE,Newer fumarate w/ GI tolerability
TERIFLUNOMIDE,Oral pyrimidine synthesis inhibito…
FINGOLIMOD,S1P modulator; first-dose bradycar…
SIPONIMOD,S1P modulator approved for SPMS
OZANIMOD,S1P modulator w/ less bradycardia
NATALIZUMAB,Anti-α4 integrin; PML risk stratif…
OCRELIZUMAB,Anti-CD20 monoclonal antibody; PPM…
OFATUMUMAB,Self-injected anti-CD20 for RRMS
RITUXIMAB,Off-label anti-CD20 used in MS/NMO…
CLADRIBINE,Oral purine analog immune reconsti…
ALEMTUZUMAB,Anti-CD52 monoclonal; autoimmune r…
ECULIZUMAB,Complement inhibitor approved for …
INEBILIZUMAB,Anti-CD19 monoclonal for NMOSD
SATRALIZUMAB,IL-6 receptor blocker for NMOSD
IVIG,Intravenous immunoglobulin used in…
PLASMAPHERESIS,Apheresis removing pathogenic anti…
GLIOBLASTOMA,IDH-wildtype WHO grade 4 astrocyti…
ASTROCYTOMA,Glial neoplasm from astrocytes; gr…
OLIGODENDROGLIOMA,"IDH mutant, 1p/19q codeleted diffu…"
EPENDYMOMA,Tumor of ependymal cells lining ve…
MEDULLOBLASTOMA,Embryonal post. fossa tumor in chi…
MENINGIOMA,Extra-axial dural-based tumor; oft…
SCHWANNOMA,periph. nerve sheath tumor; Antoni…
VESTIBULARSCHWANNOMA,CP angle tumor causing unilateral …
NEUROFIBROMA,periph. nerve tumor; plexiform typ…
HEMANGIOBLASTOMA,Highly vascular cerebellar tumor; …
CRANIOPHARYNGIOMA,Suprasellar cystic tumor; bitempor…
PINEOBLASTOMA,Malignant pineal region tumor
CHORDOMA,Midline notochordal tumor at clivu…
PITUITARYADENOMA,Hormone secreting / nonfunctioning…
MENINGEALCARCINOMATOSIS,Leptomeningeal spread of systemic …
PRIMARYCNSLYMPHOMA,Enhancing periventricular lesions;…
HERPESENCEPHALITIS,Temporal lobe enceph. from HSV-1
VARICELLAZOSTERVASCULOPATHY,Stroke after shingles due to vesse…
PROGRESSIVEMULTIFOCALLEUKOENCEPHALOPATHY,JC virus demyelination in immunosu…
NEUROCYSTICERCOSIS,Parasitic brain infection w/ ring-…
TOXOPLASMOSIS,Multiple ring-enhancing lesions in…
CRYPTOCOCCALMENINGITIS,CSF w/ high opening pressure & pos…
TUBERCULOUSMENINGITIS,Basilar meningeal enhancement w/ c…
LISTERIAMENINGITIS,Gram-positive rod; consider in eld…
LYMENEUROBORRELIOSIS,Facial palsy / meningitis after ti…
NEUROSYPHILIS,Tabes dorsalis / general paresis; …
WESTNILEENCEPHALITIS,Flaccid paralysis w/ ant. horn cel…
ENTEROVIRALMENINGITIS,Self-limited aseptic meningitis in…
AUTOIMMUNEENCEPHALITIS,Antibody-mediated limbic dysfuncti…
NARCOLEPSY,Excessive daytime sleepiness w/ SO…
CATAPLEXY,Emotion-triggered loss of muscle t…
REMBEHAVIORDISORDER,Dream enactment due to loss of ato…
SLEEPAPNEA,Repetitive upper airway obstructio…
RESTLESSLEGS,Urge to move legs worse at rest & …
ORTHOSTATICHYPOTENSION,Drop in blood pressure on standing…
POTS,Excessive heart rate increase on s…
MULTIPLESYSTEMATROPHYCEREBELLAR,MSA-C variant w/ gait ataxia
MULTIPLESYSTEMATROPHYPARKINSONIAN,MSA-P variant w/ bradykinesia & ri…
GLASGOWCOMASCALE,"Eye, verbal, motor score for consc…"
FOURSCORE,Alternative coma scale including b…
HUNTANDHESS,Subarachnoid bleed clinical gradin…
FISHERSCALE,CT blood grading for SAH vasospasm…
ABCD2,TIA risk stratification score
CHA2DS2VASC,Atrial fibrillation stroke risk sc…
HASBLED,Bleeding risk score in anticoagula…
ROMBERG,Sway w/ eyes closed indicates prop…
HOFFMANNSIGN,Finger flexion w/ flicking nail su…
KERNIGSIGN,Hamstring pain/resistance w/ knee …
BRUDZINSKISIGN,Hip/knee flexion w/ neck flexion i…
HINTSEXAM,"Head impulse, nystagmus, test of s…"
EPLEYMANEUVER,Canalith repositioning for post. c…
DIXHALLPIKE,Provocative test for post. canal B…
LEFTMCASTROKE,Acute infarct in the left mid. cer…
LEFTMCASYNDROME,Typical deficits of left mid. cere…
LEFTMCAOCCLUSION,Thrombotic / embolic blockage of t…
LEFTACASTROKE,Acute infarct in the left ant. cer…
LEFTACASYNDROME,Typical deficits of left ant. cere…
LEFTACAOCCLUSION,Thrombotic / embolic blockage of t…
LEFTPCASTROKE,Acute infarct in the left post. ce…
LEFTPCASYNDROME,Typical deficits of left post. cer…
LEFTPCAOCCLUSION,Thrombotic / embolic blockage of t…
LEFTBASILARSTROKE,Acute infarct in the left Basilar …
LEFTBASILARSYNDROME,Typical deficits of left Basilar a…
LEFTBASILAROCCLUSION,Thrombotic / embolic blockage of t…
LEFTCAROTIDSTROKE,Acute infarct in the left Internal…
LEFTCAROTIDSYNDROME,Typical deficits of left Internal …
LEFTCAROTIDOCCLUSION,Thrombotic / embolic blockage of t…
LEFTVERTEBRALSTROKE,Acute infarct in the left Vertebra…
LEFTVERTEBRALSYNDROME,Typical deficits of left Vertebral…
LEFTVERTEBRALOCCLUSION,Thrombotic / embolic blockage of t…
RIGHTMCASTROKE,Acute infarct in the right mid. ce…
RIGHTMCASYNDROME,Typical deficits of right mid. cer…
RIGHTMCAOCCLUSION,Thrombotic / embolic blockage of t…
RIGHTACASTROKE,Acute infarct in the right ant. ce…
RIGHTACASYNDROME,Typical deficits of right ant. cer…
RIGHTACAOCCLUSION,Thrombotic / embolic blockage of t…
RIGHTPCASTROKE,Acute infarct in the right post. c…
RIGHTPCASYNDROME,Typical deficits of right post. ce…
RIGHTPCAOCCLUSION,Thrombotic / embolic blockage of t…
RIGHTBASILARSTROKE,Acute infarct in the right Basilar…
RIGHTBASILARSYNDROME,Typical deficits of right Basilar …
RIGHTBASILAROCCLUSION,Thrombotic / embolic blockage of t…
RIGHTCAROTIDSTROKE,Acute infarct in the right Interna…
RIGHTCAROTIDSYNDROME,Typical deficits of right Internal…
RIGHTCAROTIDOCCLUSION,Thrombotic / embolic blockage of t…
RIGHTVERTEBRALSTROKE,Acute infarct in the right Vertebr…
RIGHTVERTEBRALSYNDROME,Typical deficits of right Vertebra…
RIGHTVERTEBRALOCCLUSION,Thrombotic / embolic blockage of t…
THORACICOUTLETSYNDROME,Compression of brachial plexus / s…
LONGTHORACICNEUROPATHY,Scapular winging from serratus ant…
SUPRASCAPULARNEUROPATHY,Shoulder pain w/ infraspinatus wea…
AXILLARYNEUROPATHY,Deltoid weakness after shoulder di…
FEMORALNEUROPATHY,Quadriceps weakness w/ reduced kne…
OBTURATORNEUROPATHY,Adductor weakness & medial thigh n…
SCIATICNEUROPATHY,Weakness below knee w/ sensory los…
TIBIALNEUROPATHY,Plantar flexion weakness; tarsal t…
SURALNEUROPATHY,Lateral foot numbness after ankle …
LATERALANTEBRACHIALCUTANEOUSNEUROPATHY,Forearm numbness after biceps tend…
BRACHIALNEURITIS,Severe shoulder pain followed by p…
LUMBOSACRALPLEXOPATHY,"Pelvic tumor, diabetes, / radiatio…"
DIABETICAMYOTROPHY,Painful proximal leg weakness from…
NERVECONDUCTIONSTUDY,Assesses large myelinated fibers v…
ELECTROMYOGRAPHY,Needle exam of muscle to assess de…
SINGLEFIBEREMG,Highly sensitive test for neuromus…
EVOKEDPOTENTIALS,Electrical responses to sensory st…
AUTONOMICTESTING,"QSART, tilt table, Valsalva for dy…"
C9ORF72,Repeat expansion causing ALS/FTD s…
SOD1,Superoxide dismutase gene mutated …
HTT,Huntingtin gene w/ CAG expansion
PMP22,Gene duplicated in CMT1A
GAA,Trinucleotide repeat causing Fried…
NOTCH3,Gene mutated in CADASIL small vess…
GFAP,Astrocytic intermediate filament; …
ARSA,Deficiency in metachromatic leukod…
GALC,Deficiency in Krabbe dz
ABCD1,Adrenoleukodystrophy peroxisomal t…
POLG,Mitochondrial polymerase mutations…
TTR,Transthyretin gene in amyloid neur…
CERVICALSPONDYLOTICMYELOPATHY,Gait imbalance & hand clumsiness f…
RADICULOPATHY,Dermatomal pain & weakness from ne…
MYELOPATHY,Spinal cord dysfunction causing lo…
SYRINGOMYELIA,Cavitation of spinal cord w/ cape-…
TETHEREDCORD,Low conus w/ filum thickening; pro…
EPIDURALABSCESS,"Fever, back pain, neurologic defic…"
SPINALEPIDURALHEMATOMA,Acute cord compression after proce…
SPINALAVFISTULA,Foix-Alajouanine myelopathy w/ ven…
UHTHOFFPHENOMENON,Worsening of MS symptoms w/ heat /…
HERTWIGMAGENDIE,Downbeat nystagmus w/ foramen magn…
SKEWDEVIATION,Vertical ocular misalignment from …
OCULARTILTREACTION,Head tilt w/ ocular torsion from v…
GOWERSIGN,Proximal weakness sign when rising…
BABINSKISIGN,Extensor plantar response indicati…
CHADDOCKSIGN,Alternative plantar reflex elicita…
LEFTHEMIANOPIA,Visual field loss on the left half…
LEFTHEMIPARESIS,Weakness of the left side of the b…
LEFTNEGLECT,Inattention to the left side of sp…
LEFTFACIALPALSY,Lower motor neuron facial weakness…
LEFTPRONATORDRIFT,Arm pronates & drifts on the left …
LEFTATAXIA,Limb incoordination more on the le…
RIGHTHEMIANOPIA,Visual field loss on the right hal…
RIGHTHEMIPARESIS,Weakness of the right side of the …
RIGHTNEGLECT,Inattention to the right side of s…
RIGHTFACIALPALSY,Lower motor neuron facial weakness…
RIGHTPRONATORDRIFT,Arm pronates & drifts on the right…
RIGHTATAXIA,Limb incoordination more on the ri…
CRANIALNERVE3PALSY,"Deficit w/ ptosis, 'down & out' ey…"
CRANIALNERVE4PALSY,Deficit w/ vertical diplopia worse…
CRANIALNERVE6PALSY,Deficit w/ horizontal diplopia fro…
CRANIALNERVE7PALSY,Deficit w/ facial weakness & loss …
CRANIALNERVE9PALSY,Deficit w/ loss of gag & post. thi…
CRANIALNERVE10PALSY,Deficit w/ dysphonia & impaired pa…
CRANIALNERVE12PALSY,Deficit w/ tongue deviation toward…
DOWNBEATNYSTAGMUS,Fast phase downward; cervicomedull…
UPBEATNYSTAGMUS,Fast phase upward; medullary local…
GAZEEVOKEDNYSTAGMUS,Increasing on eccentric gaze; cere…
OPSOCLONUS,Chaotic multidirectional saccades …
BACLOFEN,GABA-B agonist used for spasticity
TIZANIDINE,Alpha-2 agonist for spasticity
DANTROLENE,Ryanodine receptor blocker reducin…
TRIHEXYPHENIDYL,Anticholinergic for tremor in youn…
BENZTROPINE,Anticholinergic for parkinsonian t…
PIMAVANSERIN,5-HT2A inverse agonist for PD psyc…
RIVASTIGMINE,Cholinesterase inhibitor used in d…
DONEPEZIL,Cholinesterase inhibitor for Alzhe…
GALANTAMINE,Cholinesterase inhibitor for Alzhe…
MEMANTINE,NMDA antagonist for moderate to se…
Broca aphasia,"Nonfluent, effortful speech w/ rel…"
Wernicke aphasia,Fluent but meaningless speech w/ i…
Conduction aphasia,Impaired repetition w/ relatively …
Global aphasia,Severe impairment in expression & …
Transcortical motor aphasia,Nonfluent speech w/ preserved repe…
Transcortical sensory aphasia,Fluent speech w/ preserved repetit…
Anomic aphasia,Word-finding difficulty w/ otherwi…
Left homonymous hemianopia,Loss of left visual field in both …
Left superior quadrantanopia,'Left pie in the sky' visual field…
Left inferior quadrantanopia,'Left pie on the floor' visual fie…
Right homonymous hemianopia,Loss of right visual field in both…
Right superior quadrantanopia,'Right pie in the sky' visual fiel…
Right inferior quadrantanopia,'Right pie on the floor' visual fi…
Bitemporal hemianopia,Loss of temporal fields from chias…
Binasal hemianopia,"Loss of nasal fields; rare, often …"
Artery of Percheron infarct,Bilateral paramedian thalamic infa…
Recurrent artery of Heubner,Supplies caudate head & ant. inter…
Lenticulostriate infarct,Deep perforator stroke affecting b…
Anterior choroidal infarct,"Hemiparesis, hemisensory loss, hom…"
Left PICA stroke,Infarct of the PICA territory on t…
Left PICA infarct,Cerebellar/brainstem ischemia in t…
Left PICA syndrome,Characteristic deficits from PICA …
Left AICA stroke,Infarct of the AICA territory on t…
Left AICA infarct,Cerebellar/brainstem ischemia in t…
Left AICA syndrome,Characteristic deficits from AICA …
Left SCA stroke,Infarct of the SCA territory on th…
Left SCA infarct,Cerebellar/brainstem ischemia in t…
Left SCA syndrome,Characteristic deficits from SCA t…
Right PICA stroke,Infarct of the PICA territory on t…
Right PICA infarct,Cerebellar/brainstem ischemia in t…
Right PICA syndrome,Characteristic deficits from PICA …
Right AICA stroke,Infarct of the AICA territory on t…
Right AICA infarct,Cerebellar/brainstem ischemia in t…
Right AICA syndrome,Characteristic deficits from AICA …
Right SCA stroke,Infarct of the SCA territory on th…
Right SCA infarct,Cerebellar/brainstem ischemia in t…
Right SCA syndrome,Characteristic deficits from SCA t…
Foville syndrome,Medial pontine lesion w/ gaze pals…
Raymond syndrome,Medial pontine infarct w/ abducens…
Claude syndrome,Midbrain tegmentum lesion w/ oculo…
Dejerine syndrome,Medial medullary infarct w/ contra…
Locked-in syndrome,Quadriplegia w/ preserved vertical…
Loss of insular ribbon,Early ischemic change on noncontra…
Sulcal effacement,Loss of cortical sulci from edema …
Fogging phenomenon,Subacute infarct appears isodense/…
Luxury perfusion,Hyperemia of infarcted tissue on p…
Empty delta sign,Filling defect in superior sagitta…
Hot cross bun sign,Pontine cruciform T2 hyperintensit…
Hummingbird sign,Midbrain atrophy pattern in progre…
Face of the giant panda,Midbrain T2 pattern in Wilson dz
Pulvinar sign,Thalamic hyperintensity in variant…
Hyperperfusion syndrome,Headache & seizures after carotid …
Trail Making Test,Timed test of visual attention & t…
Clock drawing test,Bedside screen for visuospatial & …
Boston Naming Test,Confrontation naming assessment
Digit span,Short-term auditory-verbal memory …
Stroop test,Assesses selective attention & inh…
Wisconsin Card Sorting Test,Measures set shifting & problem so…
Symbol Digit Modalities,Processing speed test used in MS
Anti Hu,ANNA-1 antibody causing sensory ne…
Anti Yo,PCA-1 antibody associated w/ paran…
Anti Ri,ANNA-2 antibody w/ opsoclonus-myoc…
Anti Ma2,Antibody associated w/ limbic & di…
Anti CRMP5,Collapsin response mediator protei…
Amphiphysin antibody,Paraneoplastic stiff-person synd. …
IgLON5 disease,Sleep disorder w/ brainstem tauopa…
DPPX encephalitis,Antibody-mediated hyperexcitabilit…
GABA B encephalitis,Limbic enceph. w/ seizures; small-…
AMPA receptor encephalitis,Limbic enceph. w/ memory loss & se…
GFAP astrocytopathy,Autoimmune meningoencephalomyeliti…
K complex,EEG waveform seen in stage N2 sleep
Sleep spindle,12–14 Hz bursts in stage N2 sleep
REM atonia,Paralysis of skeletal muscles duri…
Hypnagogic hallucinations,Perceptual experiences at sleep on…
Hypnopompic hallucinations,Perceptual experiences upon awaken…
CPAP therapy,Positive airway pressure treatment…
Tinel sign,Tapping over a nerve elicits pares…
Phalen test,Wrist flexion provokes median nerv…
Spurling maneuver,Cervical extension/rotation reprod…
Straight leg raise,Supine test stretching L5/S1 nerve…
Crossed straight leg raise,Contralateral pain indicates large…
Froment sign,Thumb IP flexion indicates ulnar p…
Wartenberg sign,Abducted little finger from ulnar …
Adson test,Thoracic outlet maneuver reducing …
Jaw jerk,Masseter reflex; exaggerated in ps…
Snout reflex,Puckering w/ tapping philtrum; fro…
Palmomental reflex,Chin muscle twitch w/ stroking the…
Grasp reflex,Involuntary grasping w/ palmar sti…
Oppenheim sign,Toe extension w/ tibial crest stro…
Gordon sign,Great toe extension w/ calf squeez…
Jendrassik maneuver,Reinforcement technique for deep t…
Holmes tremor,Low-frequency rest & action tremor…
Orthostatic tremor,Fast 13–18 Hz tremor causing unste…
Dystonic tremor,Irregular position-dependent tremo…
Camptocormia,Marked forward flexion of trunk in…
Pisa syndrome,Lateral trunk flexion in parkinson…
Freezing of gait,Brief inability to initiate forwar…
On off phenomenon,Fluctuations between mobility & ak…
Peak dose dyskinesia,Involuntary movements at levodopa …
Drooling in PD,Sialorrhea due to reduced spontane…
Automatisms,Semi-purposeful repetitive behavio…
Gelastic seizures,Laughing spells from hypothalamic …
Dacrystic seizures,Crying spells as ictal manifestati…
Ictal pouting,Chapeau de gendarme sign in fronta…
Postictal state,Transient confusion / focal defici…
Todd paralysis,Transient focal weakness after a s…
Mesial temporal sclerosis,Hippocampal atrophy & gliosis in t…
Hypothalamic hamartoma,Lesion associated w/ gelastic seiz…
Focal cortical dysplasia,Developmental cortical malformatio…
Periventricular nodular heterotopia,Ectopic gray matter nodules along …
Lissencephaly,Smooth brain w/ absent / reduced g…
Pachygyria,"Broad, reduced number of gyri"
Polymicrogyria,Excess small gyri w/ abnormal cort…
Schizencephaly,Gray matter-lined clefts in cereb.…
SEEG,Stereoelectroencephalography for i…
Wada test,Intracarotid amobarbital procedure…
Responsive neurostimulation,Closed-loop device delivering stim…
Lewy body,Alpha-synuclein inclusion in neuro…
Neurofibrillary tangle,Hyperphosphorylated tau aggregates…
Amyloid plaque,Extracellular beta-amyloid deposit…
Pick body,Tau-positive cytoplasmic inclusion…
Bunina bodies,Eosinophilic inclusions in motor n…
Negri body,Cytoplasmic inclusion in rabies in…
Rosenthal fibers,Eosinophilic astrocytic inclusions…
Lafora body,Polyglucosan inclusion in progress…
TDP 43,Proteinopathy in ALS & FTLD
Holoprosencephaly,Failure of forebrain cleavage w/ m…
Dandy Walker malformation,post. fossa cyst w/ vermian hypopl…
Chiari I malformation,Cerebellar tonsillar ectopia below…
Chiari II malformation,Hindbrain herniation associated w/…
Agenesis of corpus callosum,Absent interhemispheric commissura…
Septo optic dysplasia,Optic nerve hypoplasia w/ midline …
Spinal shock,Flaccid paralysis & areflexia afte…
Neurogenic shock,Hypotension & bradycardia from aut…
Autonomic dysreflexia,Paroxysmal hypertension w/ high-le…
Anterior spinal artery,Midline vessel supplying ant. two-…
Posterior spinal artery,Paired vessels supplying dorsal co…
Artery of Adamkiewicz,Major radicular a. feeding thoraco…
Ewald laws,Describe eye & head movement respo…
Otolith organs,Utricle & saccule detect linear ac…
Benign paroxysmal positional vertigo,Episodic vertigo triggered by head…
Horizontal canal BPPV,Geotropic / apogeotropic nystagmus…
Head thrust test,Corrective saccade for periph. ves…
Pseudobulbar affect,Involuntary laughing / crying disp…
Bulbar palsy,LMN weakness of cranial nerves IX-…
Pseudobulbar palsy,UMN dysfunction of corticobulbar p…
Frontal release signs,Primitive reflexes re-emerging w/ …
Capgras syndrome,Delusion that a familiar person is…
Fregoli syndrome,Delusion that different people are…
Hemisomatognosia,Lack of awareness of one side of t…
Somatoparaphrenia,Belief that a limb does not belong…
Large vessel occlusion,Proximal arterial blockage suitabl…
Medium vessel occlusion,Branch occl. beyond M2/A2/P2 segme…
Wake up stroke,Symptoms discovered on awakening w…
Hemorrhagic transformation,Bleeding into an ischemic infarct
Cervical artery dissection,Intimal tear in carotid / vertebra…
Carotid web,Shelf-like defect in ICA bulb pred…
Vasospasm,Delayed arterial narrowing after s…
Delayed cerebral ischemia,New deficits / infarct after aneur…
Nimodipine,Dihydropyridine used to prevent DC…
Nicardipine,IV calcium-channel blocker for acu…
Clevidipine,Ultra–short-acting calcium-channel…
ICH score,Grading system predicting mortalit…
TICI score,Reperfusion grading after thrombec…
mTICI two b,Successful reperfusion grade in en…
ABC over two method,Ellipsoid formula to estimate hema…
RoPE score,Risk of Paradoxical Embolism score…
ESUS,Embolic stroke of undetermined sou…
Patent foramen ovale,Interatrial communication implicat…
Gasserian ganglion,Trigeminal ganglion in Meckel cave
Geniculate ganglion,Facial nerve sensory ganglion in f…
Ciliary ganglion,Parasympathetic ganglion for pupil…
Otic ganglion,Parasympathetic ganglion to paroti…
Pterygopalatine ganglion,Parasympathetic ganglion to lacrim…
Nucleus ambiguus,Motor nucleus for CN IX & X contro…
Nucleus solitarius,Visceral sensory nucleus for taste…
Edinger Westphal nucleus,Parasympathetic preganglionic nucl…
Dorsal motor nucleus of vagus,Parasympathetic output to thoracoa…
Facial colliculus,Pons floor bump from CN VII fibers…
Dermatome T2,Upper medial arm & axilla region
Dermatome T3,Upper chest just below clavicles
Dermatome T4,Nipple line dermatome
Dermatome T5,Mid-chest territory
Dermatome T6,Xiphoid level
Dermatome T7,Below xiphoid across the trunk
Dermatome T8,Upper abdomen region
Dermatome T9,Mid-abdomen region
Dermatome T10,Umbilicus dermatome
Dermatome T11,Lower abdomen region
Dermatome T12,Inguinal ligament region
Myotome S2,Knee flexion & plantarflexion cont…
Myotome S3,External anal sphincter function
Myotome S4,Pelvic floor muscles & continence
Myotome S5,Perianal wink reflex contribution
KCNQ2 encephalopathy,Neonatal epileptic enceph. due to …
SCN8A epileptic encephalopathy,Sodium channel-related development…
KCNT1 epilepsy,Epilepsy of infancy w/ migrating f…
CACNA1A episodic ataxia,Channelopathy causing EA2 & hemipl…
PRRT2 mutation,Paroxysmal kinesigenic dyskinesia …
ATP1A3,Alternating hemiplegia of childhoo…
SLC2A1 deficiency,GLUT1 deficiency causing seizures …
AMAN,Acute motor axonal neurop. variant…
AMSAN,Acute motor-sensory axonal neurop.…
POEMS syndrome,"Polyneuropathy w/ organomegaly, en…"
CANOMAD,Chronic ataxic neurop. w/ ophthalm…
HSAN,Hereditary sensory & autonomic neu…
Kennedy disease,X-linked spinal & bulbar muscular …
Apnea test,Assessment of brainstem function b…
Oculocephalic reflex,Doll's eyes test for brainstem int…
Oculovestibular reflex,Cold caloric testing for brainstem…
Cough reflex,Tracheal stimulation response abse…
Corneal reflex,Blink response to corneal touch
MPTP toxicity,Causes parkinsonism via dopaminerg…
Manganese toxicity,Parkinsonism w/ T1 hyperintensity …
Nitrous oxide myeloneuropathy,Subacute combined degeneration mim…
Lead neuropathy,Motor-predominant neurop. w/ wrist…
Arsenic neuropathy,Painful sensorimotor axonopathy af…
Organophosphate poisoning,"Cholinergic crisis w/ miosis, bron…"
Carbon monoxide poisoning,Delayed neurologic sequelae w/ glo…
Timed Up and Go,Functional mobility test measuring…
Berg Balance Scale,14-item assessment of static & dyn…
Constraint induced therapy,Use-dependent rehabilitation after…
Festinating gait,"Short, accelerating steps in Parki…"
Wide based gait,Ataxic gait w/ increased base of s…
Steppage gait,High stepping due to foot drop
Magnetic gait,Difficulty initiating steps in nor…
Hashimoto encephalopathy,Steroid-responsive enceph. associa…
CLIPPERS,Pontine perivascular enhancement r…
Acute hemorrhagic leukoencephalitis,Fulminant ADEM variant w/ rapid de…
GFAP antibody,Astrocytic filament antibody in au…
Balint syndrome,"Simultanagnosia, optic ataxia, & o…"
Simultanagnosia,Inability to perceive more than on…
Optic ataxia,Misreaching for visual targets w/ …
Ocular apraxia,Difficulty initiating purposeful s…
Line bisection neglect,Deviated midpoint marking on line …
Cancellation task neglect,Omission of targets on one side du…
PLEDs,Periodic lateralized epileptiform …
GPEDs,Generalized periodic epileptiform …
Burst suppression,Alternating high-voltage bursts & …
Triphasic waves,EEG pattern seen in metabolic ence…
Photoparoxysmal response,Spike-wave discharges triggered by…
3 Hz spike and wave,Classic absence seizure EEG pattern
Hypsarrhythmia,Chaotic high-amplitude pattern in …
Gamma Knife,Stereotactic radiosurgery device u…
CyberKnife,Robotic stereotactic radiotherapy …
Hemicraniectomy,Decompressive removal of skull fla…
Cranioplasty,Repair of skull defect after crani…
Inferior cerebellar peduncle,Restiform body carrying afferents …
Superior colliculus,Tectal structure mediating saccade…
Inferior colliculus,Auditory midbrain relay nucleus
Medial longitudinal fasciculus,Brainstem tract coordinating eye m…
Pretectal area,Midbrain region mediating pupillar…
Anterior commissure,Fiber tract connecting temporal lo…
Posterior commissure,Fiber tract near pineal region lin…
GABA A receptor,Ligand-gated chloride channel targ…
GABA B receptor,Metabotropic receptor targeted by …
NMDA receptor,Glutamate receptor w/ voltage-depe…
AMPA receptor,Ionotropic glutamate receptor medi…
Nicotinic acetylcholine receptor,Ligand-gated ion channel at neurom…
Ophthalmic division,V1 branch of trigeminal nerve
Maxillary division,V2 branch of trigeminal nerve
Mandibular division,V3 branch of trigeminal nerve
Chorda tympani,Branch of facial nerve carrying ta…
Greater petrosal nerve,Facial nerve branch to pterygopala…
Nervus intermedius,Sensory/parasympathetic component …
Left gaze deviation,Eyes deviated toward the left in f…
Left neglect on extinction,Failure to detect stimuli on the l…
Left sensory level at T10,Pinprick diminished below umbilicu…
Right gaze deviation,Eyes deviated toward the right in …
Right neglect on extinction,Failure to detect stimuli on the r…
Right sensory level at T10,Pinprick diminished below umbilicu…
A3 segment,Pericallosal segment of ant. cereb…
M3 segment,Opercular branches of mid. cereb. …
M4 segment,Cortical branches of mid. cereb. a.
P3 segment,Quadrigeminal segment of post. cer…
P4 segment,post. cereb. a. calcarine branches
Fetal origin PCA,post. cereb. a. arises from intern…
Left thalamic stroke,Infarct predominantly affecting th…
Left capsular stroke,Infarct predominantly affecting th…
Left putaminal stroke,Infarct predominantly affecting th…
Left caudate stroke,Infarct predominantly affecting th…
Left pontine stroke,Infarct predominantly affecting th…
Left medullary stroke,Infarct predominantly affecting th…
Left occipital stroke,Infarct predominantly affecting th…
Left parietal stroke,Infarct predominantly affecting th…
Left temporal stroke,Infarct predominantly affecting th…
Left frontal stroke,Infarct predominantly affecting th…
Left cerebellar stroke,Infarct predominantly affecting th…
Right thalamic stroke,Infarct predominantly affecting th…
Right capsular stroke,Infarct predominantly affecting th…
Right putaminal stroke,Infarct predominantly affecting th…
Right caudate stroke,Infarct predominantly affecting th…
Right pontine stroke,Infarct predominantly affecting th…
Right medullary stroke,Infarct predominantly affecting th…
Right occipital stroke,Infarct predominantly affecting th…
Right parietal stroke,Infarct predominantly affecting th…
Right temporal stroke,Infarct predominantly affecting th…
Right frontal stroke,Infarct predominantly affecting th…
Right cerebellar stroke,Infarct predominantly affecting th…
Dawson fingers,Ovoid periventricular lesions perp…
U fiber sparing,Subcortical myelin preservation fa…
Black holes in MS,T1 hypointense chronic lesions ind…
Open ring sign,Incomplete ring enhancement sugges…
Left frontal lobe infarct,Ischemic injury in the frontal lob…
Left parietal lobe infarct,Ischemic injury in the parietal lo…
Left temporal lobe infarct,Ischemic injury in the temporal lo…
Left occipital lobe infarct,Ischemic injury in the occipital l…
Left insular lobe infarct,Ischemic injury in the insular lob…
Left MCA branch occlusion,Branch vessel blockage in the MCA …
Left ACA branch occlusion,Branch vessel blockage in the ACA …
Left PCA branch occlusion,Branch vessel blockage in the PCA …
Right frontal lobe infarct,Ischemic injury in the frontal lob…
Right parietal lobe infarct,Ischemic injury in the parietal lo…
Right temporal lobe infarct,Ischemic injury in the temporal lo…
Right occipital lobe infarct,Ischemic injury in the occipital l…
Right insular lobe infarct,Ischemic injury in the insular lob…
Right MCA branch occlusion,Branch vessel blockage in the MCA …
Right ACA branch occlusion,Branch vessel blockage in the ACA …
Right PCA branch occlusion,Branch vessel blockage in the PCA …
Sensory level at C2,Pinprick reduced below dermatomal …
Sensory level at C3,Pinprick reduced below dermatomal …
Sensory level at C4,Pinprick reduced below dermatomal …
Sensory level at L1,Pinprick reduced below dermatomal …
High volume tap test,Large-volume lumbar puncture asses…
CSF flow void sign,Sagittal T2 flow signal in aqueduc…
Callosal angle,Smaller angle on coronal MRI suppo…
Wernicke triad,"Confusion, ataxia, ophthalmoplegia…"
Hyperammonemia,Elevated ammonia causing enceph.
Uremic encephalopathy,Cognitive & neuromuscular dysfunct…
Hypoglycemic seizures,Convulsions precipitated by low bl…
Left Finger to nose,Dysmetria on finger-to-nose testin…
Left Heel to shin,Ataxia on ipsilateral heel-to-shin…
Left Rapid alternating movements,Impaired diadochokinesia on fast a…
Left Dysdiadochokinesia,Impaired rapid alternating movemen…
Right Finger to nose,Dysmetria on finger-to-nose testin…
Right Heel to shin,Ataxia on ipsilateral heel-to-shin…
Right Rapid alternating movements,Impaired diadochokinesia on fast a…
Right Dysdiadochokinesia,Impaired rapid alternating movemen…
Left temporal pole infarct,ischemia involving the temporal po…
Left insula infarct,ischemia involving the insula on t…
Left angular gyrus infarct,ischemia involving the angular gyr…
Left paracentral lobule infarct,ischemia involving the paracentral…
Left precuneus infarct,ischemia involving the precuneus o…
Left fusiform gyrus infarct,ischemia involving the fusiform gy…
Left lingual gyrus infarct,ischemia involving the lingual gyr…
Left PCom aneurysm,Aneurysm at the PCom on the left s…
Left ACom aneurysm,Aneurysm at the ACom on the left s…
Left MCA bifurcation aneurysm,Aneurysm at the MCA on the left si…
Right temporal pole infarct,ischemia involving the temporal po…
Right insula infarct,ischemia involving the insula on t…
Right angular gyrus infarct,ischemia involving the angular gyr…
Right paracentral lobule infarct,ischemia involving the paracentral…
Right precuneus infarct,ischemia involving the precuneus o…
Right fusiform gyrus infarct,ischemia involving the fusiform gy…
Right lingual gyrus infarct,ischemia involving the lingual gyr…
Right PCom aneurysm,Aneurysm at the PCom on the right …
Right ACom aneurysm,Aneurysm at the ACom on the right …
Right MCA bifurcation aneurysm,Aneurysm at the MCA on the right s…
Cavernous sinus thrombosis,Septic thrombosis causing ophthalm…
Cerebral venous sinus thrombosis,Headache w/ papilledema from dural…
Dural arteriovenous fistula,Abnormal shunt causing pulsatile t…
Carotid cavernous fistula,"Traumatic shunt w/ red eye, bruit,…"
Pituitary apoplexy,Acute bleed/infarct of pituitary c…
Temporal arteritis,Giant cell arteritis causing heada…
Pseudotumor cerebri,Old name for idiopathic intracrani…
Spontaneous intracranial hypotension,Orthostatic headache from CSF leak
Epidural blood patch,Treatment for CSF leak-related ort…
Orthostatic headache,"Headache worse upright, relieved b…"
Ramsay Hunt syndrome,Herpes zoster oticus w/ facial pal…
Vestibular migraine,Recurrent vertigo episodes associa…
Persistent postural perceptual dizziness,Chronic subjective dizziness worse…
Mal de debarquement,Persistent rocking sensation after…
Oscillopsia,Illusion of visual world bouncing …
Periodic alternating nystagmus,Horizontal nystagmus reversing dir…
Oculogyric crisis,Upward tonic eye deviation from do…
Blepharospasm,Involuntary eyelid closure dystonia
Meige syndrome,Cranial dystonia w/ blepharospasm …
Laryngeal dystonia,Task-specific dysphonia from focal…
Cervical dystonia,Torticollis from involuntary neck …
Writers cramp,Task-specific hand dystonia during…
Task specific dystonia,Abnormal muscle activation limited…
Functional neurological disorder,Positive-sign based diagnosis of i…
Hoover sign,Inconsistent hip extension effort …
Radial tunnel syndrome,Pain & weakness from post. interos…
Anterior interosseous neuropathy,Weak pinch w/ intact sensation; br…
Posterior interosseous neuropathy,Finger & wrist extension weakness;…
Pronator teres syndrome,Median nerve entrapment in proxima…
Erb palsy,Upper trunk brachial plexus palsy …
Klumpke palsy,Lower trunk plexus injury w/ hand …
Adie tonic pupil,Dilated pupil w/ poor light respon…
Argyll Robertson pupil,Small pupils that accommodate but …
Marcus Gunn pupil,Relative afferent pupillary defect…
Light near dissociation,Better constriction to near than t…
MuSK antibody,Muscle-specific kinase antibody in…
LRP4 antibody,Low-density lipoprotein receptor-r…
Thymoma,ant. mediastinal tumor associated …
Single fiber jitter,Increased variability on EMG in ne…
Reduced recruitment,"EMG pattern w/ fewer, larger motor…"
Small fiber skin biopsy,Intraepidermal nerve fiber density…
Nerve ultrasound,High-resolution img for entrapment…
Tilt table test,Autonomic evaluation provoking ort…
Valsalva maneuver,Autonomic testing component assess…
Leigh syndrome,Subacute necrotizing encephalomyel…
Alpers syndrome,POLG-related epileptic enceph. w/ …
Adrenomyeloneuropathy,Adult-onset X-linked adrenoleukody…
Krabbe disease,Galactocerebrosidase deficiency le…
Metachromatic leukodystrophy,Arylsulfatase A deficiency causing…
Alexander disease,GFAP mutation leukodystrophy w/ Ro…
Canavan disease,Aspartoacylase deficiency w/ spong…
Pelizaeus Merzbacher,PLP1-related hypomyelinating leuko…
Vanishing white matter disease,eIF2B-related childhood ataxia & h…
Rett syndrome,MECP2-related neurodevelopmental r…
Angelman syndrome,"UBE3A disorder w/ ataxia, seizures…"
Niemann Pick type C,Cholesterol trafficking disorder w…
Tay Sachs disease,Hexosaminidase A deficiency w/ che…
Subacute combined degeneration,B12 deficiency causing dorsal colu…
Corticobasal degeneration,Asymmetric parkinsonism w/ apraxia…
Parkinsonism hyperpyrexia,Life-threatening akinesia & hypert…
Neuroleptic malignant syndrome,"Rigidity, hyperthermia, & autonomi…"
Serotonin syndrome,"Hyperreflexia, clonus, & agitation…"
Dystonic storm,Severe generalized dystonia w/ aut…
Super refractory status epilepticus,Seizures persist beyond 24 hours d…
NORSE,New-onset refractory status epilep…
FIRES,Febrile infection-related epilepsy…
Acute flaccid myelitis,Poliomyelitis-like illness w/ ant.…
IgG4 pachymeningitis,Hypertrophic dura from IgG4-relate…
CSF leak,Spinal / cranial breach causing lo…
Kayser Fleischer ring,Corneal copper deposition in Wilso…
Posterior communicating artery,Connecting vessel between ICA & PCA
Anterior communicating artery,Vessel connecting the two ACAs
Superior sagittal sinus,Major dural venous sinus along the…
Transverse sinus,Paired dural venous sinus draining…
Sigmoid sinus,Dural venous sinus continuing to i…
Cavernous sinus,Venous plexus around sella w/ cran…
Carotid siphon,Curved intracranial segment of int…
Deep cerebral venous system,"Internal cereb. veins, v. of Galen…"
Vein of Galen malformation,High-flow neonatal AV shunt causin…
Pituitary macroadenoma,Large sellar tumor compressing opt…
Optic chiasm compression,Bitemporal field loss from sellar …
Cerebellar tonsillar ectopia,Inferior displacement of tonsils a…
Midline shift,Displacement of septum pellucidum …
Diffuse axonal injury,Traumatic shearing injury w/ micro…
Rancho Los Amigos scale,Ten-level cognitive scale for TBI …
Post traumatic amnesia,Interval of memory loss after head…
Anterior interosseous syndrome,Pure motor median branch palsy w/ …
Carpal compression test,Manual pressure over carpal tunnel…
Guyon canal syndrome,Ulnar nerve compression at wrist c…
Cubital tunnel syndrome,Ulnar entrapment at the elbow
Radial head subluxation,Nursemaid elbow affecting annular …
Neck tongue syndrome,Transient C2 neuralgia w/ tongue d…
Brachioradialis reflex,C6-mediated forearm reflex at radi…
Patellar reflex,L3–L4 mediated knee jerk
Achilles reflex,S1–S2 mediated ankle jerk
Jaw wobble tremor,Essential tremor manifestation of …
Cerebellar rebound,Failure to check movement after re…
Astasia,Inability to maintain upright post…
Abasia,Inability to walk despite preserve…
Thalamic pain syndrome,Central post-stroke pain after tha…
Alien hand syndrome,Complex involuntary movements w/ l…
Central cord hyperextension,Disproportionate arm weakness afte…
Brownout amaurosis,Transient monocular vision loss fr…
Amaurosis fugax,Transient monocular blindness usua…
Anterior ischemic optic neuropathy,Pale swollen disc w/ sudden vision…
Papillitis,Optic neuritis w/ disc swelling
Central retinal artery occlusion,Painless monocular vision loss w/ …
Central retinal vein occlusion,Painless vision loss w/ 'blood & t…
Myerson sign,Persistent glabellar tap blink in …
HINTS plus,HINTS exam w/ new hearing loss to …
Duke criteria endocarditis,Neurologic embolic strokes part of…
Heimann Bielschowsky phenomenon,Head tilt in superior oblique pals…
Skull base osteomyelitis,Malignant otitis externa causing c…
Lennox Gastaut drop attacks,Atonic seizures causing sudden fal…
Juvenile absence epilepsy,Adolescent onset absence w/ genera…
Photosensitive epilepsy,Seizures triggered by flashing lig…
Startle epilepsy,Reflex seizures precipitated by su…
Musicogenic epilepsy,Reflex seizures triggered by speci…
Reflex syncope,Vasovagal faint w/ prodrome & rapi…
Orthostatic syncope,Loss of consciousness from standin…
Carotid sinus hypersensitivity,Syncope triggered by neck pressure…
Postural orthostatic tachycardia,Excessive heart rate rise on stand…
Neurocardiogenic syncope,Common faint due to autonomic refl…
Paraneoplastic cerebellar degeneration,Subacute ataxia due to antibodies …
Opsoclonus myoclonus ataxia,Paraneoplastic / post-infectious w…
Episodic ataxia,Brief spells of ataxia often due t…
Hemiplegic migraine,Migraine w/ transient unilateral w…
Sporadic hemiplegic migraine,Hemiplegic migraine w/o known fami…
Familial hemiplegic migraine,CACNA1A-linked migraine w/ motor a…
Cerebellar cognitive affective,"synd. w/ executive, visuospatial, …"
Alien limb phenomenon,Loss of sense of ownership causing…
Left PICA aneurysm,Saccular dilation of the PICA on t…
Left PICA thrombosis,Occlusive clot in the PICA on the …
Left PICA dissection,Intimal tear of the PICA on the le…
Left AICA aneurysm,Saccular dilation of the AICA on t…
Left AICA thrombosis,Occlusive clot in the AICA on the …
